,ROVSKI INDUSTRIES SDN BHD,
,Stock Balances Include Draft Records Include Delivery Order Reporting Date : 05-10-2026,
,Code,Description,Qnty,
"1.","RM 241001","SW155963 Peach Extract SG (5KG/Bottle)","4.0400","KG"
"2.","100010","BOX BOARD - THREE BOND SUPER BUTYL TAPE (11 3/4 X 2.6)-RED","6,600.0000","PCS"
"3.","100016","DIE CUT CARTON 320 X 320 X 30 (150/150BF) - PLAIN","1,691.0000","PCS"
"4.","100017","DIE CUT TOP & BOTTOM BOX FOR STIFFENER (436MM x 285MM x 55MM) (K175/175BF)","362.0616","PCS"
"5.","100019","DRUM 209L - CORRUGATION OPENHEAD (DARK BLUE)","204.0000","UNIT"
"6.","100020","DRUM 209L - CORRUGATION OPENHEAD (PANTONE BLUE)","495.0000","UNIT"
"7.","100023","DRUM 209L - STRAIGHT BODY (DARK BLUE)","0.0000","UNIT"
"8.","100024","DRUM 209L - STRAIGHT BODY (PANTONE BLUE)","0.0000","UNIT"
"9.","100025","EPDM RUBBER STRIPS - 13MM X 10MM (100M/ROLL)","900.0000","METER"
"10.","100033","HDPE PLASTIC BAG - 12 IN(W) x 17.5 IN(L) x 0.04MM(T)(25KG/BAG)","50.0000","KG"
"11.","100034","HDPE PLASTIC BAG - 15 1/2 IN(W) x 16 1/2 IN(L) x 0.02MM(T)(25KG/BAG)","0.0000","KG"
"12.","100036","HDPE PLASTIC BAG - 22 IN(W) x 36 IN(L) x 0.07MM(T)(25KG/BAG)","-25.0000","KG"
"13.","100039","IRRITANT SAFETY LABEL - STICKER (DRUM)","53,151.0000","PCS"
"14.","100044","LAYER PAD - 560MM x 375MM (150/150 BF)","2,228.0000","PCS"
"15.","100052","OROTEX 580M LABEL 25KG (170MM X 150MM)","3,485.0000","PCS"
"16.","100054","METAL CAN 20L - OPENHEAD STEEL (GREY)","2.0000","PAIL"
"17.","100056","PAPER CORE - 25MM(L) x 58MM(ID) x 2MM(T)","5,270.0000","PCS"
"18.","100058","PAPER CORE - 40MM(L) x 58MM(ID) x 2MM(T)","4,088.0000","PCS"
"19.","100060","PAPER CORE - 50MM(L) x 58MM(ID) x 2MM(T)","9,218.0000","PCS"
"20.","100066","PLAIN ROUND CAN C/W COVER (500ML)","2,678.0000","PC"
"21.","100072","LDPE PLASTIC SHEET - 4 1/2 FT","41.0000","ROLL"
"22.","100081","R.PAPER, DIE CUT (275MM WITH 62MM DIE CUT)","900.0000","PC"
"23.","100084","R.PAPER, DOUBLE GLS. (80GSM,25MM WIDTH, 500M LENGTH)","113.0000","ROLL"
"24.","100085","R.PAPER, DOUBLE GLS. (80GSM,40MM WIDTH, 500M LENGTH)","182.0000","ROLL"
"25.","100086","R.PAPER, DOUBLE GLS. (80GSM,50MM WIDTH, 500M LENGTH)","245.0000","ROLL"
"26.","100087","R.PAPER, DOUBLE GLS. (80GSM,70MM WIDTH,500M LENGTH)","57.0000","ROLL"
"27.","100089","R.PAPER, DOUBLE GLS. (80GSM,250MM WIDTH, 500M LENGTH)","33.0000","ROLL"
"28.","100090","R.PAPER, DOUBLE GLS. (80GSM, 120MM WIDTH, 500M LENGTH)","49.0000","ROLL"
"29.","100091","R.PAPER, DOUBLE GLS. (80GSM, 22MM WIDTH, 500M LENGTH)","14.0000","ROLL"
"30.","100092","R.PAPER, DIE CUT (255MM WITH 80MM) ROUND","5,608.0000","PCS"
"31.","100108","R.PAPER, SINGLE KRAFT (75GSM, 270MM WIDTH, 500M LENGTH)","0.0000","ROLL"
"32.","100111","ROUND PAD DIE CUT - 310MM (150/150 BF)","32,980.0000","PCS"
"33.","100112","CABLE TIE (FASTENER) 200MM","0.0000","PCS"
"34.","100114","ROVSKI LABEL BLUE (CARTON) (210MM X 170MM)","8,851.9991","PCS"
"35.","100116","RSC CARTON BOX - 255 X 208 X 255MM (K175/175 AF) (PLAIN)","1,714.0000","PCS"
"36.","100119","RSC CARTON BOX - 318 X 318 X 200MM (150/150AF)","2,192.0000","PCS"
"37.","100122","RSC CARTON BOX - 565MM x 375MM x 125MM (PLAIN)","1,200.0000","PCS"
"38.","100123","RSC CARTON BOX - 585MM x 295MM x 174MM (K175/175AF)","1,369.0000","PCS"
"39.","100126","RSC CARTON BOX W/ HANDLE (543MM x 278MM x 263MM (150/M/150 BAF))- WITH LOGO","1,090.0000","PCS"
"40.","100132","SEAL-ACE 390 ASM LABEL (285KG) (225MM X 140MM)","2,000.0000","PCS"
"41.","100135","SPOT WELD SEALER 1422 TAPE LABEL (ROVSKI) (125MM X 125MM)","2,311.0000","PCS"
"42.","100136","SPOT WELD SEALER 1480 LABEL (ROVSKI) (170MM x 210MM)","312.0000","PCS"
"43.","100137","STICKER - BUTYL TAPE 1538 (ROVSKI) (125MM X 125MM)","3,466.0000","PCS"
"44.","100171","1MM x 240MM x 540MM, SS 20T","0.0000","PCS"
"45.","100172","1.8MMX240MMX540MM, SA 200","0.0000","PCS"
"46.","100177","ROVSKI 1526 COMPOUND","0.0000","KG"
"47.","100178","ROVSKI 1538 COMPOUND","1,650.0000","KG"
"48.","100179","ROVSKI 1538 RED COMPOUND","600.0000","KG"
"49.","100180","ROVSKI 1538AR COMPOUND (30KG/BOX)","0.0000","KG"
"50.","100181","ROVSKI 1545 COMPOUND","4,200.0000","KG"
"51.","100182","ROVSKI 1548 COMPOUND","1,200.0000","KG"
"52.","100184","ROVSKI 22H COMPOUND (WIP)","0.0000","KG"
"53.","100187","ROVSKI 906 GREY COMPOUND","8,600.0000","KG"
"54.","100188","A882 (18KG/TIN)","0.0000","KG"
"55.","100192","ADEKA GLYCIROL ED-506 (210KG/DR)","53.5000","KG"
"56.","100193","ADEKA HARDENER EH-3842 (15KG/FIBRE DRUM)","124.7400","KG"
"57.","100194","ADEKA RESIN EP-4300E (200KG/DR)","201.2200","KG"
"58.","100195","ADEKA RESIN EP-4901E (200KG/DR)","101.0000","KG"
"59.","100196","ADEKA RESIN EPR-21 (18KG/CAN)","262.7300","KG"
"60.","100197","ALUMINIUM STEARATE LIGHT (10KG/BAG)","1,041.0000","KG"
"61.","100198","ANCAMINE 1618 (200KG/DRUM)","151.8000","KG"
"62.","100199","ASAHI THERMAL BLACK (20KG/BAG)","115.1600","KG"
"63.","100202","BENTONE 34 (25KG/BAG)","127.2200","KG"
"64.","100204","ATSB OXIDISED BITUMEN GRADE 115/15 (20KG/BOX)","499.4600","KG"
"65.","100205","ATSB OXIDISED BITUMEN GRADE 80/25 (200KG/DRUM)","3,239.1200","KG"
"66.","100207","BROWN IRON OXIDE 868 (25KG/BAG)","0.0000","KG"
"67.","100211","OMYACARB 5MI/5SM/5IP (25KG/BAG)","45,707.4600","KG"
"68.","100212","CALSEEDS PL (25KG/BAG)","11,754.3800","KG"
"69.","100213","ECP CARBON BLACK (4KG/BAG)","13.8200","KG"
"70.","100215","CELLCOM A80 (25KG/CTN)","0.0000","KG"
"71.","100216","CELLPASTE FZ (20KG/FIBRE DRUM)","1,003.5000","KG"
"72.","100217","KAOLIN FR (25KG/BAG)","1,017.2800","KG"
"73.","100219","CUREZOL 2MZA-PW (15KG/BOX)","186.1900","KG"
"74.","100225","DEFOAMER NXZ (FORM MASTER) (20KG/PAIL)","130.4000","KG"
"75.","100226","DENKA CHOLOPRENCE M-40 (B30)","0.0000","KG"
"76.","100228","DIANA PROCESS OIL AC 460 (200LIT/DR)","0.0000","KG"
"77.","100229","DIANA PROCESS OIL NR 26 (200LIT/DR)","0.0000","KG"
"78.","100232","ISOL DISPERSANT S40 (270KG/DRUM)","27.5000","KG"
"79.","100234","JER 807 (20KG/CAN)","21.6800","KG"
"80.","100235","EPIKOTE 828 (225/DR)","0.0000","KG"
"81.","100237","EPON 828","0.0000","KG"
"82.","100238","VAE EMULSION DA101 (220KG/DR)","217.0000","KG"
"83.","100242","GM PASTE (10KG/CAN)","401.6900","KG"
"84.","100243","HAKUENKA CC (25KG/BAG)","6,780.6800","KG"
"85.","100244","HARDENER D-610 (10KG/CAN)","82.3564","KG"
"86.","100247","ISOPROPYL ALCOHOL (IPA) (LITRE)","518.2300","LIT"
"87.","100250","SBL 0556 (17KG/CAN)","137.1200","KG"
"88.","100253","KCH-15 (20KG/BAG)","4,472.3200","KG"
"89.","100254","KETONIC RESIN HUK-0001E (25KG/BAG)","0.0000","KG"
"90.","100259","LAWS (LOW AROMATIC WHITE SPIRIT)","6,089.0600","KG"
"91.","100260","LIR 390 (150KG/DR)","561.0500","KG"
"92.","100262","MAGNESIUM OXIDE (MAGOX SUPPER PREMIUM GRADE)(25KG)","4.8600","KG"
"93.","100263","MICA 350 POWDER (25KG/BAG)","1,245.3100","KG"
"94.","100264","MIXLAND HMT 80 GA F500 (20KG/BAG)","102.2800","KG"
"95.","100265","MONARCH 430 CABOT (15KG/BAG)","648.4640","KG"
"96.","100268","NEOLIGHT SP (25KG/BAG) (LUXCHEM)","16,026.1000","KG"
"97.","100269","NEWLITE LL (30KG/BAG)","850.4600","KG"
"98.","100271","NF-261N (20KG/CAN)","0.0000","KG"
"99.","100273","NIPOL BR 1220 (35KG/BALE)","11.0000","KG"
"100.","100275","NIPOL DN 219 (1260KG/PALLET)","0.0000","KG"
"101.","100276","NOURYBOND 276 (180KG/DR)","1,616.4300","KG"
"102.","100277","NYFLEX 222B PROCESS OIL (182KG/DR)","0.0000","KG"
"103.","100279","ORANGE IRON OXIDE (25KG/BAG)","11.0000","KG"
"104.","100282","PBM-B5F (25KG/BAG)","162.2600","KG"
"105.","100285","PERBUTYL Z 98% MIN LIQUID (18KG/PAIL)","91.4400","KG"
"106.","100288","PILCURE MBTS (20KG/BAG)","0.0000","KG"
"107.","100289","PILNOX TDQ (20KG/BAG)","0.0000","KG"
"108.","100292","LATEX GLOVE","0.0000","PAIR"
"109.","100293","POLYBUTENE H2100 (INDOPOL) (180KG/DR)","0.0000","KG"
"110.","100294","POLYBUTENE H300 (INDOPOL) (180KG/DR)","0.0000","KG"
"111.","100295","POLYBUTENE PB 1300 (185KG/DR)","1,687.8600","KG"
"112.","100296","POLYBUTENE PB 2400 (185KG/DR)","6,069.5400","KG"
"113.","100297","BUTYL 268 (1224KG/PALLET)","504.9400","KG"
"114.","100303","PROPYLENE CARBONATE PC1000 (247KG/DR)","0.0000","KG"
"115.","100308","PVC EMULSION RESIN SIAMVIC 167GZ (25KG/BAG)","0.0000","KG"
"116.","100309","PSH-10 PASTE RESIN ,20KG/BAG","12,189.6880","KG"
"117.","100310","QCX (20KG/BAG)","8,745.4620","KG"
"118.","100312","QUINTONE R 100 (25KG/BAG)","0.0000","KG"
"119.","100313","RED IRON OXIDE (25KG/BAG)","34.7200","KG"
"120.","100316","SBR 1502 (30KG/BAG)","0.0000","KG"
"121.","100319","SKYPRENE B30 (25KG/BAG)","0.0000","KG"
"122.","100323","STEARIC ACID (EDENOR ST1 MY) (25KG/BAG)","0.0000","KG"
"123.","100328","SUNMIDE 3060K-6M (POLYAMIDE RESIN) (180KG/DR)","2,057.7800","KG"
"124.","100329","TALC. POWDER HAICHEN NO. 1 (25KG/BAG)","992.1600","KG"
"125.","100330","TITANIUM DIOXIDE TR-92 (25KG/BAG)","397.3700","KG"
"126.","100331","TOLUENE (179KG, 209LIT/DR)","655.3000","KG"
"127.","100336","VISCOLITE OS (20KG/BAG)","34,507.3800","KG"
"128.","100337","VULKANOX BKF (15KG/BAG)","119.3900","KG"
"129.","100339","YELLOW IRON OXIDE 313 (25KG/BAG)","3.7260","KG"
"130.","100341","ZEON F-351 (20KG/BAG)","0.0000","KG"
"131.","100342","ZINC OXIDE RED SEAL (K) (25KG/BAG)","1,020.1600","KG"
"132.","100352","(16MM X 3.8M)(ROLL) GREY, ROVSKI 906","4,800.0000","ROLL"
"133.","100357","SUNSTAR IPA 435-11 (400ML/BTL)","2.0000","BTL"
"134.","100359","(8MM X 8M)(RD)(ROLL), ROVSKI 1538AR","41.0000","ROLL"
"135.","100360","(3MM X 5MM X 15M)(SQ), ROVSKI 1538AR","0.0000","ROLL"
"136.","100362","(5MM X 13M)(RD)(ROLL), ROVSKI 1538","14.0000","ROLL"
"137.","100363","(6MM X 13M)(RD)(ROLL), ROVSKI 1538","561.0000","ROLL"
"138.","100364","(1.6MM X 25.5MM X 300MM)(PCS) RED, ROVSKI 1538","0.0000","PC"
"139.","100366","(1.6MM X 25.5MM X 300MM) (3PCS/PKT) RED, ROVSKI 1538","0.0000","PKT"
"140.","100367","(1.6MM X 25.5MM X 300MM) (4PCS/PKT) RED, ROVSKI 1538","0.0000","PKT"
"141.","100368","(1.6MM X 25.5MM X 300MM) (5PCS/PKT) RED, ROVSKI 1538","0.0000","PKT"
"142.","100369","(1.6MM X 25.5MM X 300MM) (6PCS/PKT) RED, ROVSKI 1538","0.0000","PKT"
"143.","100370","(1.6MM X 25.5MM X 4.5M)(ROLL) RED, ROVSKI 1538","193.0000","ROLL"
"144.","100373","(8MM X 8MM)(RD)(ROLL), ROVSKI 1538 SP","0.0000","ROLL"
"145.","100383","(2.5MM X 35MM X 5M)(ROLL), ROVSKI 1545 (TOP LINK)","30.0000","ROLL"
"146.","100385","(5MM X 450MM)(RD) ROVSKI 1548","0.0000","PC"
"147.","100389","9.5MM X 4.6M(RD), ROVSKI 1548","0.0000","ROLL"
"148.","100396","(6MM X 13M), R3S BUTYL TAPE","0.0000","ROLL"
"149.","100401","ROVSKI EPOXY 2310 BROWN 25KG/PAIL","0.0000","KG"
"150.","100403","SUNSTAR 1544 25KG/PAIL","-225.0000","KG"
"151.","100408","ROVSKI 1555 BLACK 250KG/DR","0.0000","KG"
"152.","100409","SUNSTAR 1556A 333ML/CART","0.0000","CART"
"153.","100410","SUNSTAR 1556A 25KG/PAIL","0.0000","KG"
"154.","100411","SUNSTAR 1556B 333ML/CART","254.0000","CART"
"155.","100413","SUNSTAR 1556B 25KG/PAIL","1,125.0000","KG"
"156.","100415","SUNSTAR 355A (333ML/CART)","0.0000","CART"
"157.","100416","ROVSKI 8813 BLACK 300ML/CART","0.0000","CART"
"158.","100418","ROVSKI 8813 GREY 300ML/CART","0.0000","CART"
"159.","100422","ROVSKI 1354N WHITE 25KG/PAIL","250.0000","KG"
"160.","100423","ROVSKI 1354P WHITE 25KG/PAIL","0.0000","KG"
"161.","100424","ROVSKI 1354TM WHITE 285KG/DR","0.0000","KG"
"162.","100426","ROVSKI 7313 (25KG/PAIL)","0.0000","KG"
"163.","100427","ROVSKI 7317P WHITE 285KG/DR","2,850.0000","KG"
"164.","100428","ROVSKI 7317TM WHITE 285KG/DR","19,380.0000","KG"
"165.","100429","ROVSKI 7317 WHITE 285KG/DR","-1,425.0000","KG"
"166.","100430","ROVSKI 7317 WHITE 25KG/PAIL","0.0000","KG"
"167.","100431","ROVSKI 780J 285KG/DR^PB780JWHD285","0.0000","KG"
"168.","100432","SEAL-ACE 390 ASM PVC BODYSEALER WHITE (285KG/DRUM)","6,840.0000","KG"
"169.","100433","METHYL ETHYL KETON (M.E.K) 165KG/DRUM","661.5000","KG"
"170.","100434","METHYL ETHYL KETON (M.E.K) CLEANER 450ML/BTL","198.0000","BTL"
"171.","100435","ROVSKI 7027MW-TM GREY 250KG/DR","0.0000","KG"
"172.","100436","ROVSKI 7315BN BLACK 250KG/DR","3,000.0000","KG"
"173.","100438","ROVSKI 7315 GREY 250KG/DR","750.0000","KG"
"174.","100439","ROVSKI 7315W-P WHITE 250KG/DR","-2,000.0000","KG"
"175.","100440","ROVSKI 7315W-TM WHITE 250KG/DR","0.0000","KG"
"176.","100469","ROVSKI SS11 WHITE 300ML/CART","0.0000","CART"
"177.","100470","ROVSKI 7317N WHITE 285KG/DR","1,710.0000","KG"
"178.","100473","ROVSKI 7317N WHITE 25KG/PAIL","0.0000","KG"
"179.","100507","63341-B1010-00 (4MM X 40MM X 70MM) PAD ROOF SILENCER NO.1, STIFFENER PAD 5085","0.0000","PCS"
"180.","100510","(1.2MM X 10MM X 40M) (ROLL), ROVSKI 1422","0.0000","ROLL"
"181.","100514","ROVSKI 1480 BLACK 333ML/CART","243.0000","CART"
"182.","100515","ROVSKI 1480 BLACK (25KG/PAIL)","0.0000","KG"
"183.","100516","OROTEX 580M 25KG/PAIL","350.0000","KG"
"184.","100523","ROVSKI 316 18KG/PAIL","0.0000","KG"
"185.","100535","ROVSKI DELTA 33 SET 20KG/PAIL","0.0000","KG"
"186.","100537","PVC SHRINK BAGS (165MMX285MMX0.025MM) PROTON","1,000.0000","PC"
"187.","100538","OROTEX SA 200 COMPOUND","-2,565.8534","KG"
"188.","100539","OROTEX SS20T COMPOUND (20KG/PACK)","-1,006.8452","KG"
"189.","100549","R.PAPER,SINGLE GLS.(62GSM, 170MM WIDTH, 500M LENGT)","36.0000","ROLL"
"190.","100555","RUBBER A","0.0000","KG"
"191.","100556","RUBBER B","0.0000","KG"
"192.","100557","22H BASE","103.5000","KG"
"193.","100567","ROVSKI 1480H SPOT WELD SEALER BLACK 333ML/CART","0.0000","CART"
"194.","100598","CARTRIDGE ROUND LABEL - GREY","2,666.0000","PC"
"195.","100605","SUNSTAR 1556A (WIP)","0.0000","KG"
"196.","100606","SUNSTAR 1556B (WIP)","620.0000","KG"
"197.","100607","ROVSKI 1555 (WIP)","0.0000","KG"
"198.","100608","ROVSKI 1480 BLACK (WIP)","0.0000","KG"
"199.","100609","SUNSTAR 1544 (WIP)","0.0000","KG"
"200.","100610","ROVSKI 7317TM (WIP)","0.0000","KG"
"201.","100612","ROVSKI 7317P (WIP)","0.0000","KG"
"202.","100613","SEAL-ACE 390 ASM (WIP)","0.0000","KG"
"203.","100615","ROVSKI 7315BN (WIP)","0.0000","KG"
"204.","100616","ROVSKI 1354TM (WIP)","0.0000","KG"
"205.","100621","ROVSKI 7315 GREY (WIP)","0.0000","KG"
"206.","100623","ROVSKI 1354P (WIP)","0.0000","KG"
"207.","100624","SEAL-ACE 390 ASM-P (WIP)","0.0000","KG"
"208.","100625","SEAL-ACE 390 ASM-P WHITE 285KG/DRUM (SEAL-ACE 390A-ASM-P)","8,835.0000","KG"
"209.","100626","ROVSKI 22H (25KG/BOX)","0.0000","KG"
"210.","100628","ROVSKI 5700 BEIGE (WIP)","0.0000","KG"
"211.","100635","ROVSKI 8813 GREY (WIP)","0.0000","KG"
"212.","100639","ROVSKI 5700 WHITE (WIP)","0.0000","KG"
"213.","100640","ROVSKI SS11 WHITE (WIP)","0.0000","KG"
"214.","100659","SUNSTAR E-5000 (3G/TUBE)^SP5000CLT003^","0.0000","TUBE"
"215.","100663","SILICA GEL - 3G (2500PC/TIN)","12,499.9466","PCS"
"216.","100664","PVC SHRINK LABEL - SEAM SEAL SS11 (76WX221HX0.04TX4C)","0.0000","PC"
"217.","100674","ROVSKI 780J 25KG/PAIL","0.0000","KG"
"218.","100694","(2.5MM X 35MM X 400MM), ROVSKI 1545","0.0000","PC"
"219.","100695","SEAL-ACE 390 ASM WHITE 25KG/PAIL","0.0000","KG"
"220.","100697","RSC PLAIN DIE CUT -545MM X 285MM X 55MM(150/150BF)","1,076.0000","PC"
"221.","100699","ROVSKI 7027MW-TM GREY 25KG/PAIL","0.0000","KG"
"222.","100705","ROVSKI 1354P WHITE 285KG/DR","0.0000","KG"
"223.","100708","QC PASS LABEL (30MM X 64MM)","0.0000","PC"
"224.","100709","ROVSKI 7315W-P (LV) WHITE 250KG/DR","0.0000","KG"
"225.","100720","CML-35W (20KG/BAG)","31.3200","KG"
"226.","100727","ROVSKI 7315W-P (PERODUA) WHITE 250KG/DR","6,131.0000","KG"
"227.","100729","OROTEX LS8000 STEP II COMPOUND (15KG/PACK)","0.0000","KG"
"228.","100730","PREMIX CEMENT / SAND (70/30) (10KG/BAG)","0.0000","KG"
"229.","100731","ROVSKI NS 517 WHITE 310ML/CART","0.0000","CART"
"230.","100732","ROVSKI NS 517 WHITE (WIP)","336.0000","KG"
"231.","100736","BLOWING AGENT AC 1000 (25KG/BOX)","872.8500","KG"
"232.","100737","(2.5MM x 35MM x 5M)(ROLL), ROVSKI 1548","0.0000","ROLL"
"233.","100739","ISP 1009 (31.75KG/BALE)","0.0000","KG"
"234.","100747","HDPE PLASTIC BAG - 12 IN(W) x 20 IN(L) x 0.02MM(T)(25KG/BAG)","0.0000","KG"
"235.","100754","(2MM X 5MM X 30M) (ROLL), ROVSKI 1422","0.0000","ROLL"
"236.","100755","ROVSKI 7317P WHITE 25KG/PAIL","0.0000","KG"
"237.","100769","ROVSKI 8813 GREY 100KG/DRUM","0.0000","KG"
"238.","100770","YDF-175 (20KG/PAIL)","0.0000","KG"
"239.","100780","(3MM X 5MM X 30M) ROVSKI 1538 BUTYL TAPE","0.0000","ROLL"
"240.","100781","PCH-72 (20KG/BAG)","15,489.1400","KG"
"241.","100783","PBM-6 (25KG/BAG)","3,753.4000","KG"
"242.","100786","(1.5MM X 20MM X 40M) ROVSKI 1538 BUTYL TAPE","0.0000","ROLL"
"243.","100787","(1.3MM X 60MM X 40M) ROVSKI 1538 BUTYL TAPE","0.0000","ROLL"
"244.","100790","PAPER CORE - 70MM(L) X 3 IN(ID) x 2MM(T)","757.0000","PCS"
"245.","100794","R.PAPER, DOUBLE GLS.(80GSM, 30MM WIDTH, 500MTR LENGTH)","632.0000","ROLL"
"246.","100795","AEROSIL 380 (10KG/BAG)","110.3200","KG"
"247.","100803","ROUND PAD - 365MM x 365MM (150/150 BF)","2,000.0000","PC"
"248.","100807","ROUND PAD, DIE CUT SINGLE (365MM WITH 76MM) ROUND","2,200.0000","PC"
"249.","100809","PAPER CORE - 140MM(L) x 74MM(ID) x 2MM(T)","3,403.0000","PCS"
"250.","100812","RSC CARTON BOX - 4 LAYER (H30) 372 X 372 X 148MM (180/180AF) - PLAIN","522.0000","PC"
"251.","100814","PCH-22 (20KG/BAG)","79.8600","KG"
"252.","100815","RUBBER A (1555 BLACK)","0.0000","KG"
"253.","100817","(2.5MM X 35MM X 5M)(ROLL), ROVSKI 1545 (W/O BAG)","0.0000","ROLL"
"254.","100819","LANXESS BUTYL 301 (34KG/BALE)","2,207.7800","KG"
"255.","100820","(1.3MM X 40MM X 40M) ROVSKI 1538 BUTYL TAPE","0.0000","ROLL"
"256.","100821","FOAM TRAY (283MM X 283MM X 30MM)","2,800.0000","PC"
"257.","100824","ROVSKI INDUSTRIES SDN BHD LABEL (30MM X 60MM)","0.0000","PC"
"258.","100825","PAPER CORE - 30MM(L) x 3 IN(ID) x 2MM(T)","1,056.0000","PCS"
"259.","100829","CALOXOL PG (25KG/BAG)","0.0000","KG"
"260.","100834","(2.5MM X 35MM X 380MM), ROVSKI 1545","1,200.0000","PC"
"261.","100836","GE BLENDED BUTYL RUBBER (34KG/BALE)","0.0000","KG"
"262.","100838","PAPER CORE - 50MM(L) x 3 IN(ID) x 2MM(T)","4,465.0000","PCS"
"263.","100843","(1.5MM X 40MM X 600MM), ROVSKI 1526","0.0000","ROLL"
"264.","100850","RUBBER A1 (1556B)","0.0000","KG"
"265.","100851","RUBBER A2 (1556B)","1,700.0000","KG"
"266.","100852","ROVSKI 7317 WHITE 250KG/DR","0.0000","KG"
"267.","100855","(5MM X 580MM), ROVSKI 1548","24.0000","PCS"
"268.","100859","D671N (200KG/DRUM)","371.9400","KG"
"269.","100860","CALCIUM CARBONATE HEAVY (30KG/BAG)","83.8000","KG"
"270.","100861","FOG SOLVENT (200LTR,172KG/DRUM)","547.4248","KG"
"271.","100862","62611-BZ010 (4.5MM X 50MM X 185MM), PAD, QTR WHEEL HOUSE","0.0000","PCS"
"272.","100865","LS 8020 COMPOUND","0.0000","KG"
"273.","100867","ROVSKI PV129A-ASM (200KG/DRUM)","600.0000","KG"
"274.","100868","ROVSKI 1422 (4MM X 9MM X 30MM)","0.0000","PC"
"275.","100869","ROVSKI 1422 (6MM X 9MM X 55MM)","0.0000","PC"
"276.","100875","768C4-2TT6A (1.5MM X 50MM X 500MM)","0.0000","PC"
"277.","100876","78162-2TT6A (0.8MM X 140MM X 200MM)","0.0000","PC"
"278.","100877","78163-2TT6A (0.8MM X 140MM X 335MM)","0.0000","PC"
"279.","100891","74972-2TT6A (3MM X 50MM X 170MM)","0.0000","PCS"
"280.","100892","NOURYBOND 272 (180KG/DR)","646.4700","KG"
"281.","100893","MULTI-Z (20KG/BAG)","17.6400","KG"
"282.","100894","QC PASS STICKER (56MM X 160MM)","0.0000","PC"
"283.","100897","SUNSINE MBTS (25KG/BAG)","182.2800","KG"
"284.","100899","RUBBER PROCESSING OIL NO. 2 (200LIT/DR)","0.0000","KG"
"285.","100901","LABEL ROLL STICKER (C/W LOT NO / MANUFACTURING DATE / EXPIRED DATE)(20.8MM X 30MM)","290.0000","ROLL"
"286.","100904","KRYNAC XL 34.70 (25KG/BALE)","0.0000","KG"
"287.","100907","0.8MM x 220MM x 700MM, LS 8020","0.0000","PC"
"288.","100908","0.8MM x 160MM x 700MM, LS 8020","0.0000","PC"
"289.","100913","RUBBER PROCESSING OIL NO.2 (1000KG/IBC)","1,521.3100","KG"
"290.","100923","SL-153P (18KG/BAG)","272.3400","KG"
"291.","100927","PW930103 (4.0MMX50MMX70MM) SA200/SS20T","0.0000","PC"
"292.","100928","PW930104 (5.0MMX50MMX120MM) SA200/SS20T","0.0000","PCS"
"293.","100929","PW930105 SA200/SS20T (6.0MMX60MMX155MM)","0.0000","PC"
"294.","100930","KANEKA MS POLYMER S303H (200KG/DRUM)","4,514.7700","KG"
"295.","100931","KANEKA MS POLYMER S203H (200KG/DRUM)","2,882.0100","KG"
"296.","100932","U-220H (20KG/PAIL)","28.1900","KG"
"297.","100936","SUNSTAR 556 (240KG/DR) ^600640","0.0000","KG"
"298.","100938","ANTIOXIDANT RD (TMQ) (25KG/BAG)","135.0800","KG"
"299.","100939","1 MS MODIFIED SILICON WHITE (HM) (320ML/CART)","0.0000","CART"
"300.","100940","1 MS MODIFIED SILICON GREY (HM) (320ML/CART)","0.0000","CART"
"301.","100941","KRYNAC 3330F (1050KG/PALLET)","3.0000","KG"
"302.","100942","1 MS MODIFIED SILICON BLACK (HM) (320ML/CART)","0.0000","CART"
"303.","100943","SBR 1009 OC2 (CRUMB TYPE)","1,248.2700","KG"
"304.","100950","53827-BZ030-00 (1.9MMX15MMX20MM) OROTEX 870 PROTECTOR FR FENDER SIDE PANEL","0.0000","PCS"
"305.","100952","1 MS MODIFIED SILICON GREY (HM) (600ML/SAUSAGE)","0.0000","SG"
"306.","100954","1 MS MODIFIED SILICON GREY (LM) (320ML/CART)","166.0000","CART"
"307.","100955","55213-BZ030 (6.0MMX25MMX125MM) SA200/SS20T PAD DASH PANEL SILENCER","0.0000","PCS"
"308.","100957","VTMO (195KG/DRUM)","173.2100","KG"
"309.","100961","CRAYVALLAC SL (15KG/BAG)","0.0000","KG"
"310.","100962","CRAYVALLAC SLX (15KG/BAG)","621.2400","KG"
"311.","100963","ZEFIAC F-351 (20KG/BAG)","1,364.9000","KG"
"312.","100965","1 MS MODIFIED SILICON GREY (LM) (600ML/SAUSAGE)","3.0000","SG"
"313.","100968","ROVSKI PUTTY 7110W (500G/PC)(20PC/BOX)","0.0000","PC"
"314.","100971","MS998489 (6MMX725.60MM) SOUND DAMPENER 1526 (90PCS/BOX)","0.0000","PC"
"315.","100973","SILQUEST A1120 (18KG/JAR)","0.0000","KG"
"316.","100975","1 MS MODIFIED SILICON WHITE (HM) (600ML/SAUSAGE)","0.0000","SG"
"317.","100977","1 MS MODIFIED SILICON WHITE (LM) (320ML/CART)","1,258.0000","CART"
"318.","100978","1 MS MODIFIED SILICON BLACK (LM) (320ML/CART)","178.0000","CART"
"319.","100979","1 MS MODIFIED SILICON WHITE (LM) (600ML/SAUSAGE)","2,596.0000","SG"
"320.","100980","1 MS MODIFIED SILICON BLACK (LM) (600ML/SAUSAGE)","0.0000","SG"
"321.","100981","HIGH BARRIER CARTRIDGE C/W NOZZLE & PLUNGER (47.7 +/- 0.15MM ID x 49.9 +/- 0.3MM OD x 215+/-0.5MM L)","34,153.0000","SET"
"322.","100982","KBM-603 (18KG/CAN)","524.7100","KG"
"323.","100983","VINNAPAS EP606K (200KG/DRUM)","0.0000","KG"
"324.","100987","SHRINK LABEL 1-MS MODIFIED SILICONE LOW MODULUS (208MMx216MM) (ROVSKI)","5,307.0000","PC"
"325.","100991","1 MS MODIFIED SILICON WHITE (LM) (WIP)","0.0000","KG"
"326.","100993","1 MS MODIFIED SILICON GREY (LM) (WIP) (250KG/DRUM)","0.0000","KG"
"327.","101001","EUSORB UV326 (25KG/BOX)","552.3400","KG"
"328.","101002","EUSTAB LS770 (25KG/BOX)","587.6000","KG"
"329.","101003","59198-BZ020-00 (5MX15MMX70MM) SA200/SS20T SEAL, NOISE SHUTTER","0.0000","PCS"
"330.","101004","62589-BZ020-00 (7MMX40MMX130MM) SA200/SS20T PAD, QUARTER NOISE","0.0000","PCS"
"331.","101005","62611-BZ020-00 (4.5MMX40MMX155MM) SA200/SS20T PAD, QUARTER WHEEL, NOISE","10,500.0000","PCS"
"332.","101006","63341-BZ070-00 (6MMX60MMX80MM) SA200/SS20T PAD, ROOF SILINCER, NO.1","0.0000","PCS"
"333.","101007","67813-BZ030-00 (1.2MMX120MMX130MM) LS8040, SHEET, QUARTER PANEL SILENCER, RH","0.0000","PCS"
"334.","101008","SYNTHETIC RUBBER SBR 1502 (KER)","6.5000","KG"
"335.","101009","R.PAPER, SINGLE YELLOW KRAFT (90GSM,530MMX530MM) (1500PCS/BUNDLE)","1,800.0000","PC"
"336.","101024","200L ROUND BOTTOM FOIL BAG","675.0000","PC"
"337.","101026","67813-OK020 (1MMX190MMX175MM) LS8040","0.0000","PC"
"338.","101027","67814-OK020 (1MMX190MMX350MM) LS8040","0.0000","PC"
"339.","101033","BIG SUN SEAL MS-1 BLACK (LM) (600ML/SAU) (1 MS MODIFIED SILICON BLACK (LM) (600ML/SAUSAGE)","0.0000","SG"
"340.","101036","BIG SUN SEAL MS-1 WHITE (LM) (300ML/CART)","0.0000","CART"
"341.","101048","HP-300 (200KG/DRUM)","1,656.1500","KG"
"342.","101049","53827-BZ030 (1.9MMx220MMx520MM) OROTEX 870 PART NO: 8702711","0.0000","PC"
"343.","101059","1 MS MODIFIED SILICON WHITE (MM) (WIP) (250KG/DRUM)","0.0000","KG"
"344.","101060","1 MS MODIFIED SILICON WHITE (MM) (320ML/ CART)","0.0000","CART"
"345.","101065","1 MS MODIFIED SILICON LIGHT GREY (LM) (320ML/ CART)","1,018.0000","CART"
"346.","101066","1 MS MODIFIED SILICON LIGHT GREY (LM) (600ML/ SAU)","0.0000","SG"
"347.","101067","ROVSKI 7317TM WHITE 25KG/PAIL","0.0000","KG"
"348.","101069","1 MS MODIFIED SILICON GREY (MM) (320ML/ CART)","0.0000","CART"
"349.","101070","1 MS MODIFIED SILICON GREY (MM) (600ML/SG)","46.0000","SG"
"350.","101074","KBM-1003 (18KG/CAN)","0.0000","KG"
"351.","101075","1 MS MODIFIED SILICON WHITE (MM) (600ML/SSG)","4,065.0000","SG"
"352.","101076","1-PU SUPER WHITE (320ML/CART)","580.0000","CART"
"353.","101077","1-PU SUPER WHITE (600ML/SSG)","0.0000","SG"
"354.","101078","1-PU SUPER GREY (320ML/CART)","0.0000","CART"
"355.","101079","1-PU SUPER GREY (600ML/SSG)","880.0000","SG"
"356.","101080","1 MS MODIFIED SILICON BLACK (MM) (WIP) (250KG/DRUM)","0.0000","KG"
"357.","101081","1 MS MODIFIED SILICON BLACK (MM) (320ML/CART)","0.0000","CART"
"358.","101082","1 MS MODIFIED SILICON BLACK (MM)(600ML/SSG)","810.0000","SG"
"359.","101083","1-PU SUPER BLACK (320ML/CART)","0.0000","CART"
"360.","101084","1-PU SUPER BLACK (600ML/SSG)","0.0000","SG"
"361.","101085","ACRONAL S400F","359.5000","KG"
"362.","101086","RHEOVIS AS 1125AJ","146.0000","KG"
"363.","101089","1 MS MODIFIED SILICON BLACK (MM) (250KG/DRUM)","0.0000","KG"
"364.","101093","84175-CM100 (1.5MMx250MMx100MM) ANTI-DENT PAD SIDE OUTER ASSY (LH/RH) 5085","0.0000","PC"
"365.","101094","84175-CM200 (1.5MMx235MMx100MM) ANTI-DENT PAD SIDE OUTER ASSY (RH) 5085","0.0000","PC"
"366.","101095","84175-CM300 (1.5MMx400MMx80MM) ANTI-DENT PAD FRONT AND REAR DOOR ASSY (LH/RH) 5085","0.0000","PC"
"367.","101096","84175-CM400 (1.5MMX120MMX250MM) 5085, ANTI-DENT PAD TAILGATE ASSY","0.0000","PC"
"368.","101097","84175-CM500 (1.5MMX90MMX80MM) 5085, ANTI-DENT PAD TAILGATE ASSY","0.0000","PC"
"369.","101098","1-PU SUPER SEALANT SHRINK LABEL (82MM X 0.04 X 220MM) (500PCS/BUNDLE)","6,568.0000","PC"
"370.","101099","SUNSTAR 2200 (25KG/PAIL)","0.0000","PAIL"
"371.","101101","IPA LABEL (435-11) (2500PC/PACKET)","0.0000","PC"
"372.","101102","R.PAPER DOUBLE SIDED (80GSM,140MM WIDTH, 500MTR LENGTH)","50.0000","ROLL"
"373.","101103","R.PAPER DOUBLE SIDED (80GSM,200MM WIDTH, 500MTR LENGTH)","66.0000","ROLL"
"374.","101109","BEST SEAL MS-1 WHITE (600ML/SAUSAGE)","0.0000","SG"
"375.","101113","1 MS MODIFIED SILICON CONCRETE GREY (MM) (250KG/DRUM) (WIP)","0.0000","KG"
"376.","101115","1 MS MODIFIED SILICON CONCRETE GREY (MM) (600ML/SSG)","0.0000","SG"
"377.","101117","1-PU SUPER CONCRETE GREY (600ML/SSG)","0.0000","SG"
"378.","101125","500ML RECTANGULAR CAN (56PC/PACK)","612.0000","PC"
"379.","101126","300ML PLASTIC CARTRIDGE FOR ALLFIX ACRYLIC SEALER C/W PLUNGER AND NOZZLE","74.0000","SET"
"380.","101127","ALLFIX ACRYLIC WHITE (300ML/CART)","0.0000","CART"
"381.","101133","ROVSKI 323 (220KG/DRUM)","0.0000","KG"
"382.","101141","1-PU SUPER LIGHT GREY (600ML/SSG)","-600.0000","SG"
"383.","101142","1 MS MODIFIED SILICON LIGHT GREY (MM) (250KG/DRUM)","0.0000","KG"
"384.","101143","1 MS MODIFIED SILICON LIGHT GREY (MM) (320ML/CART)","0.0000","CART"
"385.","101144","1 MS MODIFIED SILICON LIGHT GREY (MM) (600ML/SSG)","7,388.0000","SG"
"386.","101145","1-PU SUPER LIGHT GREY (320ML/CART)","0.0000","CART"
"387.","101147","QUIC SEAL 1-PU SUPER LIGHT GREY (600ML/SSG)","0.0000","SG"
"388.","101149","FOH EPOXY NEW STEEL DRUM (165KG)","36.0000","DRUM"
"389.","101150","1 MS PRIMER (500ML/ RECTANGULAR METAL CAN)","0.0000","CAN"
"390.","101157","63122 3BL0A (1.0MMx50MMx400MM) ROVSKI LS8020","0.0000","PC"
"391.","101158","78163 3BL0A (1.0MMx110MMx320MM) ROVSKI LS8020","-36.0000","PC"
"392.","101159","78162 3BL0A (1.0MMx110MMx450MM) ROVSKI LS8020","-36.0000","PC"
"393.","101160","78162 3BL1A (1.0MMx65MMx360MM) ROVSKI LS8020","-72.0000","PC"
"394.","101161","ROVSKI 22HP (25KG/BOX) (WIP)","625.0000","KG"
"395.","101164","(0.8MMX25MMX250MM) RED, ROVSKI 1538","0.0000","SHEET"
"396.","101167","390 ASM RECYCLE DRUM STICKER (2000PC/BUNDLE)","14,000.0000","PC"
"397.","101168","RECYCLE DRUM TRACEABILIRY STICKER (2000PC/BUNDLE)","1,500.0000","PC"
"398.","101170","ROUND PAD DIE CUT - 365MM DIA 62MM (1000PC/BUNDLE)","4,500.0000","PC"
"399.","101171","QUIC SEAL 1-PU SUPER Black (600ML/SSG)","0.0000","SG"
"400.","101172","HDPE PLASTIC BAG - 38 IN(W) x 80 IN(L) x 0.05MM(T)(25KG/BAG)","3,486.0000","KG"
"401.","101174","ROVSKI 1533 COMPOUND","848.0000","KG"
"402.","101175","(3MMX5MMX20M) ROLL, ROVSKI 1538","0.0000","ROLL"
"403.","101177","LDPE PLASTIC BAG - 200MM(W) X 250MM(L) X 0.05MM(T)(25KG/BAG)","0.0000","KG"
"404.","101180","BIG SUN SEAL MS-1 LIGHT GREY (LM) (400ML/SSG)","0.0000","SG"
"405.","101189","1 MS MODIFIED SILICON DARK AMBER (LM) (250KG/DRUM) (WIP)","0.0000","KG"
"406.","101191","1 MS MODIFIED SILICON DARK AMBER (LM) (600ML/SSG)","0.0000","SG"
"407.","101195","HDPE PLASTIC BAG - 40 IN(W) x 60 IN(L) x 0.1MM(T)(25KG/BAG)","0.0000","KG"
"408.","101199","ALLFIX ACRYLIC SEALER 5700 TEAK (250KG/DRUM)","0.0000","KG"
"409.","101202","BAYFERROX 4920 - YELLOW PIGMENT","25.7060","KG"
"410.","101204","QUICSEAL BOX STICKER","4,378.0000","PC"
"411.","101205","ACRYLIC BOX STICKER","1,838.0000","PC"
"412.","101206","1-PU BOX STICKER","1,842.0000","PC"
"413.","101212","TINUVIN 326 (40KG/BAG)","0.0000","KG"
"414.","101213","TINUVIN 770DF (20KG/BAG)","0.0000","KG"
"415.","101217","PAPER CORE - 17MM(L) x 58MM(ID) x 2MM(T)","16,500.0000","PCS"
"416.","101219","RSC CARTON BOX - 635 x 318 x 215MM(150/M/150BAF)","2,952.0000","PC"
"417.","101220","SQUARE PAD DIE CUT - 312MM x 312MM (150/150 BF)","3,401.0000","PC"
"418.","101221","SQUARE PAD DIE CUT - 318MM x 212MM (150/150 BF)","3,573.0000","PC"
"419.","101222","PET FILM - SINGLE COATED SILICONE 23MICRON X 120MM X 500M","2.0000","ROLL"
"420.","101226","DAIICHI SEAL MS-1 LIGHT GREY (600ML/SSG)","0.0000","SG"
"421.","101230","PLASTIC SAUSAGE NOZZLE (V01)","69,000.0000","PC"
"422.","101232","SILQUEST A-171 (195KG/DRUM)","207.6000","KG"
"423.","101233","DRUM 209L - CORRUGATION TIE HEAD","27.0000","DRUM"
"424.","101234","QUIC SEAL 1-PU SUPER WHITE (600ML/SSG)","0.0000","SG"
"425.","101235","1-MS LM BOX STICKER","766.0000","PC"
"426.","101239","PLASTIC PALLET 1100X1100X120MM","136.0000","PALLET"
"427.","101242","R.PAPER, DOUBLE SIDED 1 PERFORATION 15MM (120GSM, 30MM WIDTH, 500MTR LENGTH)","0.0000","ROLL"
"428.","101244","(5MMX10M) ROLL, ROVSKI 1538","0.0000","ROLL"
"429.","101245","(1MM X 12MM X 45M), QUICSEAL 202","0.0000","ROLL"
"430.","101246","(1MM X 25MM X 30M), QUICSEAL 202","0.0000","ROLL"
"431.","101249","STP 3171 (320ML/CART)","0.0000","PC"
"432.","101250","R.PAPER, DOUBLE GLS. (120GSM, 22MM W, 400M L)","0.0000","ROLL"
"433.","101252","1-MS (LM) BEIGE 714 (600ML/SAUSAGE)","0.0000","SG"
"434.","101253","ROVSKI 7315WP (25 KG/PAIL)","0.0000","KG"
"435.","101255","DAIICHI SEAL MS-1 BEIGE (600ML/SSG)","0.0000","SG"
"436.","101258","GLASS FIBER CLOTH 1800 (170MM x 500M x 0.2MMT)","8,000.0000","METER"
"437.","101259","GLASS FIBER CLOTH 1800 (220MM x 500M x 0.2MMT)","6,500.0000","METER"
"438.","101262","SQUARE PAD - 264MM x 264MM (150/150 BF)","1,700.0000","PC"
"439.","101263","LAYER PAD - 270MM x 182MM (150/150 BF)","3,450.0000","PC"
"440.","101264","ROUND PAD - 262MM x 262MM (150/150 BF)","11,084.0000","PC"
"441.","101265","RSC CARTON BOX - 545MM X 270MM X 185MM","1,269.0000","PC"
"442.","101266","PAPER CORE - 182MM(L) x 47MM(ID) x 3MM(T)","1,000.0000","PCS"
"443.","101269","ROVSKI 1354P (285 KG/DRUM)","0.0000","KG"
"444.","101270","GENIOSIL STP-E35 (200KG/DRUM)","240.6400","KG"
"445.","101271","GENIOSIL STP-E10 (200KG/DRUM)","1,612.1200","KG"
"446.","101272","GENIOSIL GF 96 (200KG/DRUM)","233.3100","KG"
"447.","101273","HDK H18 (10KG/SACK)","24.6500","KG"
"448.","101274","GENIOSIL XL10 (195KG/DRUM)","683.3300","KG"
"449.","101276","PLASTIC SAUSAGE NOZZLE","0.0000","PC"
"450.","101279","LAYER PAD - 243MM x 175MM (150/150 AF)","2,040.0000","PC"
"451.","101282","PAPER CORE - 205MM(L) x 47MM(ID) x 3MM(T)","2,350.0000","PCS"
"452.","101283","PAPER CORE - 175MM(L) x 47MM(ID) x 3MM(T)","869.0000","PCS"
"453.","101286","GLASS FIBER CLOTH BLACK (220MM X 500M X 0.2MMT)","6,000.0000","METER"
"454.","101287","GLASS FIBER CLOTH BLACK (170MM X 500M X 0.2MMT)","5,000.0000","METER"
"455.","101288","OPP TAPE 48MM X 90YDS (96ROLLS/CN)","983.0000","ROLL"
"456.","101298","ALUMINIUM SAUSAGE FOIL (162MM x 1000M X 0.072T), 4 LAYER 18/12/12/22","83,000.0000","METER"
"457.","101301","HOLCOPLAST BLACK WP27-30-19737","0.0000","KG"
"458.","101305","FASTENERS 15-09","1,050,400.0000","PCS"
"459.","101310","(1.5MMX120MMX300MM), STIFFENER 5085 ANTI DENT PAD","0.0000","PC"
"460.","101311","(1.5MMX70MMX200MM), STIFFENER 5085 ANTI DENT PAD","0.0000","PC"
"461.","101315","7MMX50MMX233MM, SEAL PILLAR 560 ANTI DENT PAD","0.0000","PC"
"462.","101316","HDPE PLASTIC SHEET - 40 IN(W) x 40 IN(L) x 0.07MM(T)","0.0000","KG"
"463.","101320","R.PAPER, DOUBLE GLS.(80GSM, 30MM WIDTH, 500MTR) WITH 15MM 1 PERFORATION","906.0000","ROLL"
"464.","101323","LUXCROBAR 45 (25KG/BAG)","544.3600","KG"
"465.","101324","BLACK PEARLS 470 (25KG/BAG)","-0.0660","KG"
"466.","101325","EXPANCEL 920DE40 d30 (12KG/BOX)","99.0000","KG"
"467.","101326","A PILLAR UPR OTR SEAL (2.0/0.5X50X125MM)(PW933472)","1,320.0000","PCS"
"468.","101327","A PILLAR UPR INR SEAL (3.5/1.0X50X70MM)(PW933473)","1,800.0000","PCS"
"469.","101328","ROOF RAIL REAR OTR (2.0/0.5X50X120MM)(PW933474)","1,200.0000","PCS"
"470.","101329","ROOF RAIL REAR INR (4.5/1.0X40X95MM)(PW933475)","1,560.0000","PCS"
"471.","101336","62213 BZ010 (4.5MM X 40MM X 210MM) SA200SS20T","0.0000","PCS"
"472.","101337","62213 BZ020 (4.5MM X 60MM X 165MM) SA200SS20T","2,970.0000","PCS"
"473.","101338","62213 BZ030 (5MM X 40MM X 155MM) SA200SS20T","0.0000","PCS"
"474.","101339","55742 BZ020 (1.5MM X 100MM X 300MM) OROTEX 6020","0.0000","PCS"
"475.","101340","55742 BZ030 (1.5MM X 70MM X 150MM) OROTEX 6020","0.0000","PCS"
"476.","101341","SM405-00400-000 (120MM X 200MM X 1.5MM)","0.0000","PC"
"477.","101342","SM405-00500-000 (350MM X 120MM X 1.5MM)","0.0000","PC"
"478.","101343","SM405-00600-000 (250MM X 95MM X 1.5MM)","0.0000","PC"
"479.","101344","SM405-00700-000 (75MM X 120MM X 1.5MM)","0.0000","PC"
"480.","101345","SM405-00800-000 (125MM X 95MM X 1.5MM)","0.0000","PC"
"481.","101346","SM405-00900-000 (250MM X 120MM X 1.5MM)","0.0000","PC"
"482.","101347","SM405-01000-000 (250MM X 95MM X 1.5MM)","0.0000","PC"
"483.","101348","ALLFIX ACRYLIC BEIGE (300ML/CART)","459.0000","CART"
"484.","101349","STICKER - BUTYL TAPE 1538AR (ROVSKI) (125MM X 125MM)","2,954.0000","PC"
"485.","101350","QUICSEAL HYBRID SEALANT - GREY (600ML/SAUSAGE)","0.0000","SG"
"486.","101351","QUICSEAL HYBRID SEALANT - WHITE (600ML/SAUSAGE)","0.0000","SG"
"487.","101352","QUICSEAL HYBRID SEALANT - BLACK (600ML/SAUSAGE)","0.0000","SG"
"488.","101353","ROVSKI 1533 (6MM X 10M)","0.0000","ROLL"
"489.","101357","PV200ASM (25KG/PAIL)","50.0000","KG"
"490.","101358","(5MM X 10M), ROVSKI 1548","0.0000","PC"
"491.","101359","ROVSKI 1526 WHITE COMPOUND","50.0000","KG"
"492.","101360","(1MM X 12MM X 45M), ROVSKI 1526 WHITE","0.0000","ROLL"
"493.","101361","(7MM X 5.5MM X 900MM), ROVSKI 1422/SS20T (PW933507)","0.0000","PC"
"494.","101364","ROVSKI PV150-1ASM (250KG/DRUM)","1,810.8000","KG"
"495.","101365","ROVSKI SEAL ACE 395ASM (285KG/DRUM)","13,689.6000","KG"
"496.","101368","62435-BZ 040-H (4.5MM X 30MM X 45MM) SA200SS20T","11,600.0000","PCS"
"497.","101369","768C4 2ME0A (1.5MM X 15MM X 143MM) SA200SS20T","0.0000","PC"
"498.","101370","76598 2ME0B (2MM X 15MM X 300MM) SA200SS20T","2,400.0000","PC"
"499.","101371","76884 2ME0B (3.5MM X 25MM X 35MM) SA200SS20T","0.0000","PC"
"500.","101372","76884 2ME1B (5.5MM X 30MM X 60MM) SA200SS20T","0.0000","PC"
"501.","101373","1 MS BRONZE 715 (LM) (WIP) (250KG/DRUM)","0.0000","KG"
"502.","101374","1 MS BRONZE 715 (LM) (600ML/SSG)","0.0000","SG"
"503.","101375","78162 2ME0C (1.2MM X 60MM X 180MM) ROVSKI LS8020","0.0000","PC"
"504.","101376","78162 2ME0B (1.2X120X400MM) ROVSKI LS8020","0.0000","PC"
"505.","101377","78162 2ME0A (1.2X160X265MM) ROVSKI LS8020","0.0000","PC"
"506.","101378","63122 2ME0A (7.0MM X 10MM X 70MM) OROTEX SS-22H","0.0000","PC"
"507.","101380","QR-9401-1 (18KG/CAN)","371.2400","KG"
"508.","101381","TIO2 ANATASE CA-106 (25KG/BAG)","-69.6000","KG"
"509.","101382","META-Z L40 (20KG/BAG)","184.5000","KG"
"510.","101383","MH-100 (20KG/BAG)","184.0800","KG"
"511.","101384","PS-300K (20KG/BAG)","3,231.4800","KG"
"512.","101385","RYURON PASTE 850 (20KG/BAG)","10,767.7400","KG"
"513.","101386","74365 2ME0A 22H (1 MM X 20 MM X 20 MM)","0.0000","PC"
"514.","101387","76884 2ME0A 22H (1 MM X 80 MM X 40 MM)","0.0000","PC"
"515.","101393","63122 2ME1B (1.5 MM X 100 MM X 405 MM) LS8020","0.0000","PC"
"516.","101394","63122 2ME1A (1.5 MM X 125 MM X 140 MM) LS8020","0.0000","PC"
"517.","101395","TINUVIN 5151 (20KG/PAIL)","24.4400","KG"
"518.","101398","SANTICIZER 261A, PACKING: 220KGS/DRUM","201.0000","KG"
"519.","101399","GLASS FIBER CLOTH BLACK (240MM X 500M X 0.2MMT)","9,000.0000","METER"
"520.","101402","OROTEX TA 4050 PART NO. 763F5 2ME0A 1.0MM X 10MM X 84MM","0.0000","PC"
"521.","101406","ROVSKI NS 517 BLACK 310ML/CART","0.0000","CART"
"522.","101409","KANEKA MS POLYMER S303H (1000KG/IBC TANK)","0.0000","KG"
"523.","101410","ROVSKI SEAM SEALER 353 (150ML/TUBE)","649.0000","TUBE"
"524.","101412","HDPE PLASTIC BAG - 12 IN(W) x 10 IN(L) x 0.02MM(T)(25KG/BAG)","249.5644","KG"
"525.","101413","62213-BZ060 (4.5MMX30MMX200MM) PAD, FR PILLAR GARNISH","0.0000","PCS"
"526.","101414","62213-BZ070 (5.0MMX30MMX140MM) PAD, FR PILLAR GARNISH","0.0000","PCS"
"527.","101416","353W CARTON BOX 435MM X 280MM X 220MM","933.0000","PC"
"528.","101418","78163 4CJ1J (0.8MM X 160MM X 200MM) LS8020","12.0000","PC"
"529.","101419","78163 4CJ3J (0.8MM X 100MM X 100MM) LS8020","0.0000","PC"
"530.","101420","762E4 4CJ0A (2.0MM X 20MM X 265MM) SA200SS20T","0.0000","PC"
"531.","101421","762E4 4CJ1A (3.5MM X 30MM X 110MM) SA200SS20T","0.0000","PC"
"532.","101422","762E4 4CJ2A (6.0MM X 30MM X 125MM) SA200SS20T","0.0000","PC"
"533.","101423","765C2 4CJ0A (2.0MM X 20MM X 324MM) SA200SS20T","0.0000","PC"
"534.","101424","OROTEX TA 4050 (1.0 X 150 X 250)MM","0.0000","PC"
"535.","101426","EXPANDABLE TAPE (2.0MMX20MMX40MM)","800.0000","PCS"
"536.","101427","BROWN IRON OXIDE S610 (25KG/BAG)","4.7333","KG"
"537.","101431","RHEOBYK410 (25KG/PAIL)","32.8000","KG"
"538.","101432","NATROSOL 250 HHBR, PACKING: 25KGS/BAG","8.3400","KG"
"539.","101434","(5MMx50MMx10M) ROLL, ROVSKI 1538","5.0000","ROLL"
"540.","101437","SEAL-ACE 395 ASM STICKER (170MM X 250MM)","15,500.0000","PC"
"541.","101438","OROTEX TA 4020 - 738C9-4CJ0A TAPE BODY SIDE, LH 1.0MM X 10MM X 30MM","0.0000","PC"
"542.","101442","1-MS LM SAUSAGE STICKER (45MM X 40MM)","4,268.0000","PC"
"543.","101443","ROVSKI 1533 (3MM x 5MM x 20M)","193.0000","ROLL"
"544.","101444","VINNAPAS B100 (25KG/BAG)","637.3800","KG"
"545.","101445","METHANOL (164KG/DRUM)","582.0000","KG"
"546.","101446","67813-OK040-A (1.0MMX100MMX200MM) LS8040","0.0000","PC"
"547.","101447","ROVSKI 890 (500G/CAN)","87.0000","CAN"
"548.","101448","ROVSKI 890 (WIP)","0.0000","KG"
"549.","101449","62552-OK030 (2.5MMX105MMX105MM) OROTEX6200/SS20T","0.0000","PC"
"550.","101450","62552-KK030 (3.0MMX100MMX120MM) OROTEX6200/SS20T","1,080.0000","PC"
"551.","101451","TREND SEALANT SHRINK LABEL","26,187.0000","PC"
"552.","101453","QUICSEAL 210 HYBRID BOX STICKER","1,125.0000","PC"
"553.","101454","PE STRETCH FILM 500M X 2KG X 25MICRON X 600G","4,125.0000","ROLL"
"554.","101456","SUNSTAR PENGUIN SEAL 2550A BOX STICKER","2.0000","PC"
"555.","101457","SUNSTAR PENGUIN SEAL 2550A SAUSAGE STICKER","40.0000","PC"
"556.","101458","PVC PASTE - PG680 ( 25KG/BAG)","11,672.8600","KG"
"557.","101460","(1.5MM X 60MM X 3.5M), ROVSKI 1526","0.0000","METER"
"558.","101461","SQUARE PAD - 585MM x 295MM (150/150 BF)","0.0000","PC"
"559.","101462","(1.5MM X 60MM X 120MM), ROVSKI 1548","6,600.0000","PC"
"560.","101465","STICKER - HV (RED) BODYSEALER","4,000.0000","PC"
"561.","101466","STICKER - PVC (BLUE) BODYSEALER","3,000.0000","PC"
"562.","101467","BARCODE LABEL","6,000.0000","PC"
"563.","101468","CARBON BLACK N375 (20KG/BAG)","1,134.5180","KG"
"564.","101470","(2.0MM X 150MM X 250MM) OROTEX 6020","0.0000","PC"
"565.","101471","R.PAPER, DOUBLE GLS. (80GSM, 22MM WIDTH, 1000MTR LENGTH)","88.0000","ROLL"
"566.","101472","SAMPLE ITEM-UNIT","410.0000","UNIT"
"567.","101476","PURCHASES - PLANT & MACHINERY","0.0000","UNIT"
"568.","101478","PURCHASES - LAB EQUIPMENT (R&D)","420.0000","UNIT"
"569.","101480","UPKEEP - FACTORY","5,479.6900","UNIT"
"570.","101481","UPKEEP - LAB EQUIPMENT","1,814.0800","UNIT"
"571.","101482","UPKEEP - PLANT & MACHINERY","723.0000","UNIT"
"572.","101484","UPKEEP - MOTOR VEHICLES","0.0000","UNIT"
"573.","101489","FACTORY EXPENSES","20.0000","UNIT"
"574.","101490","SALES TAX - RAW MATERIALS PURCHASES","85.0000","ORDER"
"575.","101491","SALES TAX - PACKAGING MATERIALS PURCHASES","0.0000","ORDER"
"576.","101492","SALES TAX - FINISHED GOODS PURCHASES","0.0000","ORDER"
"577.","101494","TESTING FEE","0.0000","UNIT"
"578.","101495","SAMPLE SALES CODE","0.0000","UNIT"
"579.","101496","ROVPRO 5301 (180KG/DRUM) (500018/500016)","0.0000","KG"
"580.","101498","FORMIC ACID 94% (35KG/CARBOY)","0.0000","KG"
"581.","101500","RBD PALM OLEIN (10MT/BULK)","0.0000","KG"
"582.","101505","HYDROGEN PEROXIDE 50% (35KG/CARBOY)","70.0000","KG"
"583.","101507","HYDROGEN PEROXIDE 50% (255KG/DRUM)","2,635.0000","KG"
"584.","101508","SODIUM CARBORNATE (SODA ASH LIGHT) (50KG/BAG)","0.0000","KG"
"585.","101511","ROVPLAS 5351-NATURAL OIL BASED PLASTICISER","0.0000","KG"
"586.","101512","EPO A1 (180KG/DRUM) (500014/500015)","0.0000","KG"
"587.","101513","EPO A7 (180KG/DRUM) (500001/500016)","0.0000","KG"
"588.","101530","CARTON BOX ROUND LABEL - BLACK","16,200.0000","PC"
"589.","101531","CARTON BOX ROUND LABEL - WHITE","5,410.0000","PC"
"590.","101538","R3S WINDSCREEN SEALANT PRIMER LABEL ORANGE(53X93MM","1,229.0000","PC"
"591.","101543","PLAIN PAPER CARTRIDGE C/W NOZZLE & PLUNGER (47.45MM ID X 1.2MM T X 215MM L)","25,600.0000","PC"
"592.","101556","PPC PRIMER BOX","1,300.0000","PC"
"593.","101557","PRIMER LABEL FOR PROTON","1,300.0000","PC"
"594.","101559","PVC SHRINK LABEL - PRIMERLESS 900 (82 X 0.04 X 220 X 3C) PAPER CART","14,200.0000","PC"
"595.","101570","R3S WINDSCREEN SEALANT PRIMER LABEL (BOTTLE) (53MM X 93MM)","905.0000","PC"
"596.","101574","ROVSKI SDN BHD LABEL (50MM X 80MM)","8.0000","ROLL"
"597.","101584","SUNSTAR 551 LABEL (CARTRIDGE/CARTON) (110MM X 165MM)","3,689.0000","PC"
"598.","101589","SUNSTAR 580 LABEL (165MM x 210MM)","325.0000","PC"
"599.","101591","PVC SHRINK LABEL - SUNSTAR 580 (82MM X 0.04 X 220 X 3C) - PAPER CART","7,005.0000","PC"
"600.","101592","SUNSTAR ORANGE LABEL (165MM x 210MM)","10,041.0000","PC"
"601.","101593","SUNSTAR PENGUIN SEAL 551 LABEL (PAIL) (180MM X 220MM)","2,107.0000","PC"
"602.","101594","SUNSTAR PENGUIN SEAL 556 (333ML) LABEL (60MM x 90MM)","4,311.0000","PC"
"603.","101602","WHITE PRIMER BOX (34MM x 34MM x 10MM)","6,000.0000","PC"
"604.","101603","YELLOW STICKER - 210MM X 140MM","1,916.0000","PC"
"605.","101622","CAULKING GUN WT-250XL 15(37CM) (600ML) TAIWAN(UNIT)","0.0000","PC"
"606.","101691","ESSEX PRIMERLESS 900 320ML/CART","43.0000","CART"
"607.","101709","R3S SEAL WITHOUT NAIL 310ML/CART","0.0000","CART"
"608.","101719","NITTO TAPE 720 (36MM X 18M) 300ROLL/BOX","0.0000","ROLL"
"609.","101722","OROTEX 586 (333ML/CART)","0.0000","CART"
"610.","101734","67813-OK010 (1.1 X 80 X 360), SHEET,QUARTER PANEL SILENCER RH","0.0000","PCS"
"611.","101742","FERUCO 3000 333ML/CART","1.0000","CART"
"612.","101743","FERUCO 3000 20KG/PAIL","0.0000","KG"
"613.","101748","OROTEX 586 (20KG/PAIL)","0.0000","KG"
"614.","101778","SUNSTAR 1063 (333ML/CART)","0.0000","CART"
"615.","101779","SUNSTAR 1063 (250KG/DR)","0.0000","KG"
"616.","101780","SUNSTAR 1063 (25KG/PAIL)","25.0000","KG"
"617.","101781","SUNSTAR 1064 (333ML/CART)","-8.0000","CART"
"618.","101782","SUNSTAR 1064 (25KG/CAN)","0.0000","KG"
"619.","101788","SUNSTAR 1081L (25KG/PAIL)","0.0000","KG"
"620.","101797","SUNSTAR 435-41 (150ML/BTL)","0.0000","BTL"
"621.","101798","SUNSTAR 435-40 GLASS PRIMER 150ML/BTL","1.0000","BTL"
"622.","101801","SUNSTAR 435-98 (150ML/BTL)","1.0000","BTL"
"623.","101802","SUNSTAR E-5000 (3G/TUBE)","0.0000","TUBE"
"624.","101806","SUNSTAR 551 (600ML/SG)","0.0000","SG"
"625.","101807","SUNSTAR 551 ALUMINIUM NOZZLE(S)(333ML/CART)","0.0000","CART"
"626.","101811","SUNSTAR 556 (333ML/CART)","4.0000","CART"
"627.","101812","SUNSTAR 556 (240KG/DR)","2,400.0000","KG"
"628.","101813","SUNSTAR 556 (600ML/SG)","0.0000","SG"
"629.","101814","SUNSTAR 560 (333ML/CART)","0.0000","CART"
"630.","101815","SUNSTAR 560 (240KG/DRUM)","0.0000","KG"
"631.","101816","SUNSTAR 560 (24KG/PAIL)","0.0000","KG"
"632.","101817","SUNSTAR 580 GLASS PRIMER 20ML/BTL","6,720.0000","BTL"
"633.","101818","SUNSTAR 580 PAPER BIG NOZZLE CART(320ML/CART)","2,553.0000","CART"
"634.","101819","SUNSTAR 580 PLAIN PAPER CART 320ML/CART","0.0000","CART"
"635.","101820","SUNSTAR 580 ALUMINIUM SMALL NOZZLE CART(320ML/CART)","0.0000","CART"
"636.","101821","SUNSTAR 580 PLAIN ALUMINIUM CART(320ML/CART)","0.0000","CART"
"637.","101824","SUNSTAR 580 SET-SUNSTAR 580 PRIMER, ALUMINIUM CART WITH PRIMER BRUSH(B)","0.0000","SET"
"638.","101825","PROTON PART CENTER (PPC) ALUMINIUM CART WITH PRIMER BRUSH(B)","0.0000","SET"
"639.","101826","PRIMER BRUSH 580 (B) (500PCS/BAG)","6,503.0000","PC"
"640.","101831","SUNSTAR 580 PRIMER SET (20ML/BTL & PRIMER BRUSH)","1.0000","SET"
"641.","101836","SUNSTAR SH-320T (333ML/CART)","0.0000","CART"
"642.","101851","PLASTIC TUBE NOZZLE (WT-250TN)","2,945.0000","PC"
"643.","101852","CAULKING GUN WT-2151H 9 TAIWAN","0.0000","UNIT"
"644.","101876","PROTON STICKER MS990413(ROVSKI 8813)(160x130MM)","930.0000","PC"
"645.","101877","PROTON STICKER MS990195(SUNSTAR 435-98)(160x130MM)","4,257.0000","PC"
"646.","101878","PROTON STICKER MS990196(SUNSTAR435-40T)(160x130MM)","8,861.0000","PC"
"647.","101879","PROTON STICKER MS990194(SUNSTAR 556)(160x130MM)","1,743.0000","PC"
"648.","101880","PROTON MONTH STICKER-JUN (30MM)(RD)","1,816.0000","PC"
"649.","101881","PROTON MONTH STICKER-JUL (30MM)(RD)","568.0000","PC"
"650.","101882","PROTON MONTH STICKER-AUG (30MM)(RD)","5,621.0000","PC"
"651.","101883","PROTON MONTH STICKER-SEP (30MM)(RD)","688.0000","PC"
"652.","101884","PROTON MONTH STICKER-OCT (30MM)(RD)","1,237.0000","PC"
"653.","101885","PROTON MONTH STICKER-NOV (30MM)(RD)","1,045.0000","PC"
"654.","101886","PROTON MONTH STICKER-DEC (30MM)(RD)","1,100.0000","PC"
"655.","101894","SUNSTAR 1087GJ (333ML/CART)","0.0000","CART"
"656.","101914","SUNSTAR 1081L (20KG/PAIL)","0.0000","KG"
"657.","101915","ISOPROPYL ALCOHOL (IPA) (400ML/BTL)","3.0000","BTL"
"658.","101918","SUNSTAR 580 GLASS PRIMER LABEL (25MM X 30MM)","6,000.0000","PC"
"659.","101921","PROTON MONTH STICKER-JAN (30MM)(RD)","923.0000","PC"
"660.","101922","PROTON MONTH STICKER-FEB (30MM)(RD)","902.0000","PC"
"661.","101923","PROTON MONTH STICKER-MAR (30MM)(RD)","395.0000","PC"
"662.","101924","PROTON MONTH STICKER-APR (30MM)(RD)","934.0000","PC"
"663.","101925","PROTON MONTH STICKER-MAY (30MM)(RD)","1,322.0000","PC"
"664.","101935","LDPE TRANSPARENT ZIPPER BAG - 12 in(L) x 5 in(W) x 0.05mm(T)","5,094.0000","PC"
"665.","101941","BETASEAL 8000 (300ML/CART)","0.0000","CART"
"666.","101943","SUNSTAR 435-41 LABEL (60MM X 90MM)","2,863.0000","PC"
"667.","101946","SUNSTAR SH-320T 22KG/PAIL","0.0000","KG"
"668.","101947","SUNSTAR PENGUIN CEMENT 1087GJ LABEL (90 X 60MM)","248.0000","PCS"
"669.","101951","PVC SHRINK BAGS (140MMX280MMX0.025MM) NHF","0.0000","PC"
"670.","101952","RSC CARTON BOX - 335 x 265 x 250MM (1750/175BF) (NEWFLEX155 ¨C 20CARTRIDGE)","302.0000","PC"
"671.","101953","SBT 9259 TAPE (7MM X 1MM X 10M) (35ROLL/CTN)","4.0000","ROLL"
"672.","101954","T9000 CARRIER LINER (90MM X 290MM) (100PCS/PKT)","66.0000","PC"
"673.","101959","NEWFLEX 155 LABEL (25MM X 30MM) - GLASS PRIMER 20ML","5,800.0000","PC"
"674.","101960","PVC SHRINK LABEL-NEWFLEX 155 (82MMX220MMX6C)","5,800.0000","PC"
"675.","101961","LABEL ROLL STICKER (C/W SHELF LIFE)(20.8MM X 30MM)","221.0000","ROLL"
"676.","101962","NEWFLEX 155 PAPER CART WITH PRIMER & BRUSH","0.0000","SET"
"677.","101963","PVC SHRINK BAGS (125MMX280MMX0.025MM(4+H)) NHF","9,519.0000","PC"
"678.","101968","PPC CARTON BOX - 438 x 328 x 225MM (180/180BF)","52.0000","PC"
"679.","101999","59198-BZ010-00 SEAL, NOISE SHUTTER","0.0000","PCS"
"680.","102001","63344-BZ020-00 PAD, ROOF SILENCER NO. 4","0.0000","PCS"
"681.","102002","63345-BZ010-00 PAD, ROOF SILENCER NO. 5","0.0000","PCS"
"682.","102009","SUNSTAR PENGUIN CEMENT #378V (14KG/PAIL)","0.0000","KG"
"683.","102024","SUNSTAR PRIMER #GP-402 (900ML/CAN)","0.0000","CAN"
"684.","102025","FR PILLAR LWR INR FILTER RH (PW930170) D-FOAM & NYLON","0.0000","PCS"
"685.","102036","63344-BZ030 PAD, ROOF SILENCER NO 4 (A FOAM + NYLON PAD)","1,500.0000","PCS"
"686.","102039","SEAL ACE 390-3 (250KG/DRUM)","0.0000","KG"
"687.","102045","ALLFIX ACETOXY SILICONE (MP) TRANSPARENT (300ML/CART)","0.0000","CART"
"688.","102053","63344-BZ030-F A-FOAM","0.0000","PCS"
"689.","102057","TOPN490-100% OXIM (MP) - TRANSPARENT (300ML/CART)","0.0000","CART"
"690.","102066","ALLFIX ACETOXY SILICONE (MP) BLACK (300ML/CART)","0.0000","CART"
"691.","102068","SUNSTAR PENGUIN CEMENT 1577 (250KG/DRUM)","0.0000","KG"
"692.","102069","SUNSTAR PENGUIN CEMENT 1577 (25KG/PAIL)","0.0000","KG"
"693.","102074","NYLON PAD (FOR STOCK CODE: 600796, PART NO:63344-BZ030F A-FOAM)","0.0000","PCS"
"694.","102089","XE71-B8238 - DILUTED ACETOXY (MP) (195KG/DRUM)-45904","0.0000","KG"
"695.","102093","ALLFIX NEUTRAL SILICONE (GZ) MATT BLACK (300ML/CART)","0.0000","CART"
"696.","102116","SHRINK - PROTON WINDSCREEN (82MMX220MM)","600.0000","PC"
"697.","102128","SUNSTAR 3700-T (24KG/PAIL)","0.0000","KG"
"698.","102129","SUNSTAR 3700-T (255KG/DRUM)","0.0000","KG"
"699.","102131","75561-0D090 CLIP, ROOF DRIP SIDE (FINISHED PRODUCT)","4,200.0000","PC"
"700.","102134","ALLFIX NEUTRAL SILICONE CLEAR (600ML/SAUSAGE)","0.0000","SG"
"701.","102135","SUNSTAR 2230-T (20KG/PAIL)","0.0000","KG"
"702.","102136","75561-0D090 CLIP, ROOF DRIP SIDE","62,346.0000","PC"
"703.","102137","SUNSTAR 2200-T (20KG/PAIL)","0.0000","KG"
"704.","102145","SUNSTAR 1548D (250KG/DRUM)","5,000.0000","KG"
"705.","102150","OROTEX D-FOAM (62437-BZ020 PAD, ROOF SIDE RAIL, RR RH)","0.0000","PCS"
"706.","102151","OROTEX D-FORM (63343-BZ050 PAD, ROOF SILENCER)","0.0000","PCS"
"707.","102156","SUNSTAR PENGUIN CEMENT #SH-320D (22KG/PAIL)","0.0000","KG"
"708.","102157","SUNSTAR PENGUIN CEMENT 1087GT (250KG/DRUM)","0.0000","KG"
"709.","102158","OROTEX 580 (20KG/PAIL)","0.0000","KG"
"710.","102159","SUNSTAR PENGUIN CEMENT 1087GT (20KG/PAIL)","0.0000","KG"
"711.","102160","SUNSTAR 1087T (20KG/PAIL)","0.0000","KG"
"712.","102161","SUNSTAR 1087T (333ML/CART)","0.0000","CART"
"713.","102212","SUNSTAR PENGUIN SEAL #551NP(255KG/DR)","0.0000","KG"
"714.","102228","KRYLEX-200004CH100^KB2034(20G/BTL) INSTANT ADHESIVES","0.0000","BTL"
"715.","102230","SUNSTAR 2230-T (333ML/CART)","0.0000","CART"
"716.","102231","SUNSTAR 1548D (25KG/PAIL)","5,575.0000","KG"
"717.","102235","SUNSTAR 2550A BLACK (600ML/SSG)","0.0000","SG"
"718.","102236","SUNSTAR 2550A GREY (600ML/SG)","0.0000","SG"
"719.","102237","SUNSTAR 2550A LIGHT GREY (600ML/SSG)","0.0000","SG"
"720.","102238","SUNSTAR 2550A WHITE (600ML/SSG)","0.0000","SG"
"721.","102240","SUNSTAR 2550A DARK AMBER (600ML/SSG)","0.0000","SG"
"722.","102243","STP 3232 WHITE (600ML/SSG)","4.0000","SG"
"723.","102373","PRINTING & STATIONERY","288.0000","UNIT"
"724.","102403","ULTRASEAL SEALANT PC504-661","0.0000","KG"
"725.","102404","CATALYST PC5 661","0.0000","PACKET"
"726.","102430","DB100 CHEMICAL","0.0000","KG"
"727.","102460","TRANSPORT CHARGES","0.0000","TRIP"
"728.","102468","OROTEX 6200 COMPOUND (15KG/PACK)","0.0000","KG"
"729.","102471","1-MS MODIFIED SILICON BEIGE (MM) (600ML/SSG)","0.0000","SG"
"730.","102486","EXCESTAR POLYMER S2410E(200KG/DRUM)","25.5000","KG"
"731.","102487","EXCESTAR POLYMER S3430E(200KG/DRUM)","28.0000","KG"
"732.","102491","SUNSTAR SH-321T 25KG/PAIL","0.0000","KG"
"733.","102493","OROTEX 580M 333ML/CART","6.0000","CART"
"734.","102494","62611-BZ010-00 QUARTER WHEEL HOUSE","0.0000","PC"
"735.","102495","DAIICHI SEAL MS-1 BLACK (600ML/SSG)","0.0000","SG"
"736.","102496","DAIICHI SEAL MS-1 DARK AMBER (600ML/SSG)","0.0000","SG"
"737.","102506","PET FILM - SINGLE COATED SILICONE (50MICRON X 120MM X 480M)","115.0000","ROLL"
"738.","102509","ROVSKI 1538AR (WIP)","0.0000","KG"
"739.","102510","IMS (MM) CONCRETE GREY (WIP)","0.0000","KG"
"740.","102511","1MS (MM) LIGHT GREY (WIP)","0.0000","KG"
"741.","102512","1MS (LM) WHITE (WIP)","0.0000","KG"
"742.","102513","1MS (MM) WHITE (WIP)","0.0000","KG"
"743.","102516","ROVSKI PVC PUTTY 7110W WIP COMPOUND","120.0000","KG"
"744.","102517","ROVSKI EPO A1 WIP","0.0000","KG"
"745.","102520","DYNASYLAN 1107 (16KG/PAIL)","0.0000","KG"
"746.","102521","1MS (LM) BLACK (WIP)","0.0000","KG"
"747.","102522","1MS (LM) BEIGE (WIP)","0.0000","KG"
"748.","102523","1MS (LM) BRONZE (WIP)","0.0000","KG"
"749.","102524","OROTEX 6020 WITH ALUMINIUM FOIL (2.0mm X 170mm X 520MM)","0.0000","PCS"
"750.","102526","1MS (MM) GREY (WIP)","0.0000","KG"
"751.","102527","1-MS (MM) LIGHT GREY (WIP)","0.0000","KG"
"752.","102529","1MS (MM) BLACK (WIP)*250KG/DRUM","0.0000","KG"
"753.","102533","PW 935948 LS 8020 (1.0MM X 115MM X 200MM)","0.0000","PCS"
"754.","102534","(4.5MM X 175MM X 520MM) SA200SS20T (WIP)","0.0000","PCS"
"755.","102537","SQUARE PAD - 398MM x 398MM (150/150 BF)","0.0000","PCS"
"756.","102538","PAPER CORE - 175MM(L) x 3 IN(ID) x 5MM(T)","500.0000","PCS"
"757.","102539","ROVSKI 1548 - 1.5MM(T) X 155MM(W) X 10.5M(L)","0.0000","ROLL"
"758.","102551","67813-0K040-A (1.0MM X 120MM X 450MM) OROTEX LS8040","0.0000","PC"
"759.","102558","1MS (LM) GREY (WIP)","0.0000","KG"
"760.","102559","62611-BZ150 (6.0MMX50MMX150MM) SA200SS20 PAD,QUARTER WHEEL HOUSE","9,840.0000","PC"
"761.","102560","ROVSKI STP 3162 BLACK (300ML/CART)","215.0000","CART"
"762.","102561","ROVSKI STP 3162 BLACK (WIP)","0.0000","KG"
"763.","102563","ROVSKI STP 3123 WHITE (WIP)","0.0000","KG"
"764.","102564","1MS (LM) DARK AMBER (WIP)","0.0000","KG"
"765.","102566","ROVSKI STP 3123 WHITE (320ML/CART)","1,210.0000","CART"
"766.","102567","RSC CARTON (455 X 337 X 237MM) - OUTER","1,500.0000","PC"
"767.","102568","INNER BOX (110 X 65 X 226mm)","9,701.0000","PC"
"768.","102572","SUNSTAR 580 SET - HONDA","0.0000","SET"
"769.","102576","SUNSTAR 580 PRIMER (GHS LABEL) - 8cm (W) X 6.5CM (L)","3,440.0000","PC"
"770.","102578","R. PAPER, DOUBLE GLS. (90GSM, 140MM WIDTH, 500MTR LENGHT) (BROWN COLOUR)","67.0000","ROLL"
"771.","102579","SHRINK LABEL - 320ml STP 3123","1,300.0000","PC"
"772.","102586","PV 150-1ASM STICKER","2,741.0000","PC"
"773.","102589","SM 828 (220KG/DRUM)","0.0000","KG"
"774.","102593","OROTEX TA 4020 (1.0X10X30)MM","800.0000","PCS"
"775.","102597","STP 3123 BOX STICKER (13CM X 9.5CM)","1,614.0000","PC"
"776.","102607","(9.5MM x 4.6M) ROVSKI 1545","0.0000","ROLL"
"777.","102610","CALAXOL PG (CALCIUM OXIDE) (25KG/BAG)","0.0000","KG"
"778.","102614","62213-BZ110 (4.0MM X 40MM X 60MM) SA200/SS20T","6,960.0000","PCS"
"779.","102615","62213-BZ120 (4.5MM X 30MM X 98MM) SA200/SS20T","0.0000","PCS"
"780.","102616","62589-BZ110 (6.5MM X 30MM X 165MM) SA200/SS20T","6,340.0000","PCS"
"781.","102617","62589-BZ120 (4.5MM X 30MM X 70MM) SA200/SS20T","5,280.0000","PCS"
"782.","102618","62611-BZ160 (4.5MM X 40MM X 170MM) SA200/SS20T","5,040.0000","PCS"
"783.","102620","1-MS MM SAUSAGE STICKER (6CM x 4CM)","1,800.0000","PCS"
"784.","102623","TREND SEALANT BOX STICKER (14CM X 9.3CM)","1,738.0000","PC"
"785.","102625","OROTEX SA200 COMPOUND (15KG/PACK)","4,510.0000","KG"
"786.","102627","768C4-2MH0A (2.0MM X 10MM X 165MM) SA200SS20T","0.0000","PC"
"787.","102628","76598-2MH0B (2.0MM X 15MM X 305MM) SA200SS20T","0.0000","PC"
"788.","102629","76884-2MH0B (3.0MM X 20MM X 35MM)","0.0000","PC"
"789.","102630","78162-2MH0C (1.2MM X 60MM X 180MM) LS8020","0.0000","PC"
"790.","102631","78162-2MH0B (1.5MM X 120MM X 280MM) LS8020","0.0000","PC"
"791.","102632","78162-2MH0A (1.2MM X 60MM X 105MM) LS8020","0.0000","PC"
"792.","102634","(6MM X 10M) ROVSKI 1538","1,680.0000","ROLL"
"793.","102637","METHYL ETHYL KETONE (M.E.K) STICKER","13,525.0000","PCS"
"794.","102638","R.PAPER SINGLE SIDED YELLOW (80GSM, 1060MM WIDTH, 200MTR LENGTH)","16.0000","ROLL"
"795.","102639","ROVSKI STP 3123 WHITE (400ML/SSG)","0.0000","SG"
"796.","102653","RSC CARTON BOX - 395 x 256 x 194MM (180/M180/180 BAF)","12.0000","PC"
"797.","102654","HAKUENKA CCR (25KG/BAG)","23,770.0000","KG"
"798.","102659","ROVSKI 1524 (WIP)","40.0000","KG"
"799.","102660","(9.5MM X 9.5MM X 4.6M), ROVSKI 1524","0.0000","ROLL"
"800.","102661","ROVSKI STP 3123 WHITE (600ML/SG)","442.0000","SG"
"801.","102662","ROVSKI STP 3162 BLACK (600ML/SG)","1,238.0000","SG"
"802.","102665","ROVSKI PV150-1ASM (20KG/PAIL)","0.0000","KG"
"803.","102669","DYNASYLAN DAMO-T(25KG/PAIL)","0.0000","KG"
"804.","102671","RS CARTON BOX - 585 x 295 x 174MM (K175/175 AF)","1,416.0000","PC"
"805.","102673","IMERCARB 7 (25KG/BAG)","2,551.9800","KG"
"806.","102675","63344/45-BZ040 D FOAM (SMALL)","27,251.0000","PC"
"807.","102676","63344/45-BZ040 D FOAM (LARGE)","26,100.0000","PC"
"808.","102677","D-FOAM 63344-BZ040 (13MM X 94.1MM X 134.4MM), PAD ROOF SILENCER NO.4","2,560.0000","PC"
"809.","102678","D-FOAM 63345-BZ040 (13MM X 94.1MM X 134.4MM), PAD ROOF SILENCER NO.5","2,800.0000","PC"
"810.","102680","SHRINK LABEL - 320ML STP 3162","0.0000","PCS"
"811.","102681","SPARKO OUTERBOX (286 X 286 X 34MM)","7,626.0000","PC"
"812.","102682","TIBKAT 216 (25KG/PAIL)","19.4200","KG"
"813.","102683","SUNSTAR PENGUIN SEAL 560-T","240.0000","PC"
"814.","102684","63344-BZ040 (R) NYLON PAD D20N PAD ROOF SILENCER","18,300.0000","PC"
"815.","102685","63345-BZ040 (L) NYLON PAD D20N PAD ROOF SILENCER","18,950.0000","PC"
"816.","102686","BUTYL RECLAIM RUBBER(RBR 70F) (25KG/BAG)","0.0000","KG"
"817.","102687","ROVSKI 1 PU BRONZE 715 (600ML/SSG)","0.0000","SG"
"818.","102688","SPARKO BUTYL TAPE STICKER (FRONT&BACK) (18CM X 10CM)","2,015.0000","PC"
"819.","102689","SPARKO BUTYL TAPE STICKER (SIDE A) (8CM X 9CM)","1,475.0000","PC"
"820.","102690","SPARKO BUTYL TAPE STICKER (SIDE B) (8CM X 9CM)","1,468.0000","PC"
"821.","102698","PREMINOL S3011 (200KG/DRUM)","91.5000","KG"
"822.","102706","SA200 COMPOUND","0.0000","KG"
"823.","102708","KRYNAC XL 3375 VP","2,051.8800","KG"
"824.","102710","PAPER CORE - 40MM(L) x 3 IN(ID) x 2MM(T)","2,230.0000","PCS"
"825.","102711","ROVSKI 1538 (1.5MM X 30MM X 40M)","0.0000","ROLL"
"826.","102713","D FOAM - PAD, BODY LWR BACK 58379-BZ030-H","6,198.0000","PC"
"827.","102714","D FOAM - PAD, BODY LWR BACK 58379-BZ010-H","6,718.0000","PC"
"828.","102715","NYLON - PAD, BODY LWR BLACK 58379-BZ030","5,521.0000","PC"
"829.","102716","NYLON - PAD, BODY LWR BLACK 58379-BZ010","5,538.0000","PC"
"830.","102717","QUICSEAL 201 PU SEALANT (1000PCS/ROLL)","30.0000","ROLL"
"831.","102718","LDPE PLASTIC BAG - 38 IN(W) x 60 IN(L) x 0.12MM(T)(20KG/BAG)","1,246.0000","KG"
"832.","102721","STP 3163 BLACK (WIP)","0.0000","KG"
"833.","102722","STP 3163 BLACK (320ML/CART)","180.0000","CART"
"834.","102723","58379-BZ010 (PAD, BODY LWR BACK)","504.0000","PC"
"835.","102724","58379-BZ030 (PAD, BODY LWR BACK)","504.0000","PC"
"836.","102725","55259-BZ010 (SEAL, DASH PANEL) (1.0MM X 5MM X 220MM)","3,000.0000","PC"
"837.","102726","62612-BZ010 (PAD, QUARTER WHEEL HOUSE, NO.2) (2.5/1.0MM X 50MM X 80MM)","2,100.0000","PC"
"838.","102727","62589-BZ050 (PAD, QUARTER PILLAR) (5.0/1.0MM X 40MM X 105MM)","4,080.0000","PC"
"839.","102733","SUNSTAR PENGUIN CEMENT #SW-601 (20KG/PAIL)","0.0000","KG"
"840.","102749","78163 8FN0A (1.6MM X 200MMX 300MM) LS8020","0.0000","PC"
"841.","102750","78163 8FN0B (1.6MM X 200MM X 250MM) LS8020","0.0000","PC"
"842.","102751","78163 8FN0C (1.6MM X 100MM X 200MM) LS8020","0.0000","PC"
"843.","102752","78163 8FN0D (1.6MM X 100MM X 280MM) LS8020","0.0000","PC"
"844.","102753","SHRINK LABEL - WEBERSEAL 280ML","0.0000","PC"
"845.","102755","WEBERSEAL MS BARCODE STICKER - 600005 (WHITE)","0.0000","PC"
"846.","102758","WEBERSEAL MS CARTON STICKER - ENGLISH VERSION","0.0000","PC"
"847.","102759","WEBERSEAL MS CARTON STICKER - THAILAND VERSION","0.0000","PC"
"848.","102762","CONSTYLE POLYRETHANE SEALANT (1000PCS/ROLL)","53.0000","ROLL"
"849.","102763","QUICSEAL 201 HYBRID SEALANT (1000PCS/ROLL)","14.0000","ROLL"
"850.","102765","(9.5MM X 5.8M)(ROLL) GREY, ROVSKI 906","0.0000","ROLL"
"851.","102766","1 MS MODIFIED SILICON WHITE (LM) (280ML/CART)","0.0000","CART"
"852.","102768","67813-0K010-H (1MM X 80MM X 360MM) LS8040","1.0000","PC"
"853.","102770","SUNSTAR GLASS PRIMER 435-41 LABEL WITH GHS","7,994.0000","PC"
"854.","102771","SUNSTAR BODY PRIMER 435-98 LABEL WITH GHS","2,387.0000","PC"
"855.","102774","7312G TM (250KG/DRUM)","0.0000","KG"
"856.","102775","7312G MVF (250KG/DRUM)","0.0000","KG"
"857.","102778","ROVSKI RVK-T03 (7322)","0.0000","KG"
"858.","102779","67813-0K040-C (1MM X 100MM X 200MM) LS8040","0.0000","PC"
"859.","102782","OROTEX TA4050 (1X160X230mm) - WIP","0.0000","PC"
"860.","102783","STP 3163 BLACK (600ML/SG)","0.0000","SG"
"861.","102784","OROTEX TA4050 (1.0X20X45MM)","0.0000","PC"
"862.","102788","BAYPREN 210 (25KG/BAG)","178.2700","KG"
"863.","102805","SUNSTAR PENGUIN SEAL #560TB (240KG/DRUM)","0.0000","KG"
"864.","102806","ROVSKI PUTTY 7110W (TCMA) (500G/PC)(20PC/BOX)","0.0000","PC"
"865.","102807","ALLFIX SEAM SEALER 353W (310ML/CART)","162.0000","CART"
"866.","102808","ROVSKI PUTTY 7110W (TCMA) (WIP)","0.0000","KG"
"867.","102810","ROVSKI 7319 (WIP)","0.0000","KG"
"868.","102811","ROVSKI 7319 (250KG/DRUM)","17,000.0000","KG"
"869.","102812","(9.5MM X 4.6M), ROVSKI 1524","0.0000","ROLL"
"870.","102819","1556B (250KG/DRUM)","0.0000","KG"
"871.","102820","1-MS PRIMER (16KG/PAIL)","64.5000","KG"
"872.","102822","OROTEX D FOAM 76884 5EK0A INSUL-RR PLR INR L02D","0.0000","PC"
"873.","102823","353 SEAM SEALER SHRINK LABEL","5,580.0000","PC"
"874.","102824","BUTYL RECLAIMED RUBBER BRR 800 (10KG/BALE)","158.8500","KG"
"875.","102825","63123 6EJ0A (5.0/1.0MM X 10 MM X 50 MM) SS22HSS20T","0.0000","PC"
"876.","102826","74972 6EJ0A (4.5/1.0MM X 50 MM X 200 MM) SA200SS20T","0.0000","PC"
"877.","102830","ESSEX PRIMERLESS 900 320ML/CART","0.0000","CART"
"878.","102832","ROVSKI 1522 (25KG/ BOX)","0.0000","KG"
"879.","102833","GT-3000 (180KG/DRUM)","510.6000","KG"
"880.","102834","UPC DINP","18,188.7000","KG"
"881.","102835","PROTAGE PV-132A-W ASM (WIP)","0.0000","KG"
"882.","102836","PROTAGE PV-132A-W ASM (200KG/DRUM)","0.0000","KG"
"883.","102837","ROVSKI 1536 (WIP)","837.0000","KG"
"884.","102838","ROVSKI 1536 (2.8mm x 10mm x 800mm)","0.0000","PC"
"885.","102839","(20MM X 3.8M)(ROLL) GREY, ROVSKI 906","3,780.0000","ROLL"
"886.","102841","PAPER CORE - 30MM(L) x 58M(ID) x 2MM(T)","6,418.0000","PCS"
"887.","102842","SSR.PAPER, DIE CUT (320MM WITH 62MM DIE CUT)","10,300.0000","PC"
"888.","102843","DIE CUT CARTON - 340 X 340 X 40MM (150/150 BF)","7,104.0000","PC"
"889.","102844","RSC CARTON BOX - 361 x 361 x 225MM (180/M150/180 BAF)","5,188.0000","PC"
"890.","102846","ROVSKI 7322 SF (WIP)","2,200.0000","KG"
"891.","102847","ROVSKI 7322 SF (1100KG/IBC TANK)","0.0000","KG"
"892.","102852","RSC CARTON BOX 510MM X 350MM X 145MM (150/M/150BAF)","543.0000","PC"
"893.","102853","LAYER PAD - 495MM X 340MM X 5MM (150/M AF)","1,568.0000","PC"
"894.","102854","R.PAPER DOUBLE GLS.(80GSM, 55MM WIDTH, 500MTR LENGTH)","24.0000","ROLL"
"895.","102855","R.PAPER DOUBLE GLS.(80GSM, 105MM WIDTH, 500MTR)","8.0000","ROLL"
"896.","102856","PAPER CORE - 55MM(L) x 58MM(ID) x 2MM(T)","898.0000","PCS"
"897.","102857","PAPER CORE - 105MM(L) x 58MM(ID) x 2MM(T)","2,493.0000","PCS"
"898.","102858","WOVEN FOIL SINGLE SIDED (ALUM) - 55MM X 500M","196.0000","ROLL"
"899.","102859","WOVEN FOIL SINGLE SIDED (ALUM) - 105MM X 500M","123.0000","ROLL"
"900.","102860","7262 A168 (5.0 & 3.0/1.0MM X 160/190MM X 35MM) SA200/SS20T","377.0000","PC"
"901.","102861","7262 A167 (4.0/1.0MM X 50 MM X 80 MM) SA200/SS20T","540.0000","PC"
"902.","102862","SA200/SS20T 7262 A166 3.0/1.0 x 50 x 120MM","240.0000","PC"
"903.","102863","7262 A161 (2.5 /1.0MM X 50 MM X 85 MM) SA200/SS20T","360.0000","PC"
"904.","102864","7262 A165 (3.5 /1.0MM X 40 MM X 52 MM) SA200/SS20T","660.0000","PC"
"905.","102867","KERILON 120ES (200KG/DRUM)","195.7000","KG"
"906.","102868","SUNSTAR PENGUIN CEMENT #1547-T (250KG/DRUM)","0.0000","KG"
"907.","102869","SUNSTAR PENGUIN CEMENT #1547-T (20KG/PAIL)","-20.0000","KG"
"908.","102872","PAVER BLUE 022 (25KG/BAG)","10.3200","KG"
"909.","102873","Q-CEL 7040S","0.0000","KG"
"910.","102874","VISCOEXCEL-30 (25KG/BAG)","16.9200","KG"
"911.","102877","NPEL-128 (240KG/DRUM)","2,057.4000","KG"
"912.","102878","WATERPROOF TAPE NON WOVEN CLOTH (1.0MM X 100MM X 10M)","78.0000","ROLL"
"913.","102879","ROVCARE D1100-PINE (1L/BTL)","0.0000","LTR"
"914.","102880","ROVCARE D1100-PINE (20L/BTL)","0.0000","LTR"
"915.","102881","ROVCARE D1000-PINE (1L/BTL)","0.0000","LTR"
"916.","102882","ROVCARE D1000-PINE (20L/BTL)","0.0000","LTR"
"917.","102886","ROVCARE D1200 (20L/BTL)","0.0000","LTR"
"918.","102887","ROVCARE D1500 (1L/BTL)","0.0000","LTR"
"919.","102888","ROVCARE D1500 (5L/BTL)","0.0000","LTR"
"920.","102889","ROVCARE D1500 (20L/BTL)","0.0000","LTR"
"921.","102891","SUNSTAR 1556B STICKER (19.5CM X 13.5CM)","6,489.0000","PC"
"922.","102892","EMPTY PAIL (COLOR : WHITE) @18LTR","2,848.0000","PC"
"923.","102893","ROVSKI 906 GREY (2MM X 48MM X 104MM)","36.0000","ROLL"
"924.","102895","STP 3162 SAUSAGE STICKER (8.9CM X 5.1CM)","10.0000","ROLL"
"925.","102896","STP 3162 BOX STICKER ( 13.1CM X 9.5CM)","1,940.0000","PC"
"926.","102897","PRIMELESS 900 320ML BOX STICKER (13.5CM X 9.6CM)","920.0000","PC"
"927.","102899","ROVSKI 1538 COMPOUND (30KG/BOX)","0.0000","KG"
"928.","102900","SUNSTAR PENGUIN CEMENT #2200-T (250KG/DRUM)","0.0000","KG"
"929.","102902","LDAO (200KG/DRUM)","200.0000","KG"
"930.","102906","ROVSKI 1422/SS20T (5MM X 4MM X 740MM)(PW936883)","0.0000","PC"
"931.","102908","BKC 80% (25KG/DRUM)","54.6800","KG"
"932.","102909","ROVCARE D1000-LEMONGRASS (5L/BTL)","0.0000","LTR"
"933.","102910","BODY PRIMER 435-98 STICKER (105MM X 62MM)","32,720.0000","PC"
"934.","102911","GLASS PRIMER 435-40T STICKER (105MM X 62MM)","18,974.0000","PC"
"935.","102912","PENGUIN PRIMER 435-73A STICKER (105MM X 62MM)","1,648.0000","PC"
"936.","102914","EPICLON 830-S (18KG/TIN)","55.8300","KG"
"937.","102915","SUNSTAR PENGUIN CEMENT #1547-T (150KG/DRUM)","0.0000","KG"
"938.","102916","PENGUIN CEMENT #2231-T (20KG/PAIL)","0.0000","KG"
"939.","102917","PENGUIN CEMENT #2231-T (260KG/DRUM)","0.0000","KG"
"940.","102918","764M2 6EJ0A (1.0/0.5MM X 45MM X 60MM) SA200SS20T","0.0000","PC"
"941.","102919","EPODIL 748 (180KG/DRUM)","778.8800","KG"
"942.","102921","ROVSKI 786M (285KG/DRUM)","3,420.0000","KG"
"943.","102922","ROVSKI 1533 (4MM X 5MM X 15M)","0.0000","ROLL"
"944.","102923","ROVSKI 786M (25KG/PAIL)","4,000.0000","KG"
"945.","102924","PLASTC BOTTLE (1 LTR) (154-L207) @ 50PCS/BAG","395.0000","BTL"
"946.","102925","PLASTIC BOTTLE (5LTR ) (207-L207)","349.0000","BTL"
"947.","102926","INDUSTRIAL BOTTLE ( 20LTR) (408(5)-L408) @ 8PCS/BAG","290.0000","BTL"
"948.","102927","ROVCARE D1000-LEMON (1L/BTL)","0.0000","LTR"
"949.","102930","ROVCARE D1100-LEMON (1L/BTL)","0.0000","LTR"
"950.","102931","ROVCARE D1100-LEMON (5L/BTL)","0.0000","LTR"
"951.","102932","ROVCARE D1100-LEMON (20L/BTL)","0.0000","LTR"
"952.","102933","ROVCARE D1000-LEMONGRASS (1L/BTL)","0.0000","LTR"
"953.","102934","ROVCARE D1000-LEMONGRASS (20L/BTL)","0.0000","LTR"
"954.","102935","ROVCARE D1100-LEMONGRASS (1L/BTL)","0.0000","LTR"
"955.","102936","ROVCARE D1100-LEMONGRASS (5L/BTL)","0.0000","LTR"
"956.","102937","ROVCARE D1100-LEMONGRASS (20L/BTL)","0.0000","LTR"
"957.","102938","62611-BZ070_DFOAM1 PAD,QTR WH HOUSE RH","6,594.0000","PC"
"958.","102939","62611-BZ070_DFOAM2 PAD,QTR WH HOUSE RH","5,050.0000","PC"
"959.","102940","62612-BZ030_DFOAM1 PAD,QTR WH HOUSE LH","5,560.0000","PC"
"960.","102941","62612-BZ030_DFOAM2 PAD,QTR WH HOUSE LH","6,860.0000","PC"
"961.","102942","58379-BZ040_DFOAM PAD, BODY LWR BACK RH","4,800.0000","PC"
"962.","102943","58379-BZ050_DFOAM PAD, BODY LWR BACK LH","5,637.0000","PC"
"963.","102944","62551-BZ080_DFOAM1 PAD, PILLAR NO.1 RH","2,189.0000","PC"
"964.","102945","62551-BZ080_DFOAM2 PAD, PILLAR NO.1 RH","3,603.0000","PC"
"965.","102946","62561-BZ080_DFOAM1 PAD, PILLAR NO.1 LH","4,660.0000","PC"
"966.","102947","62561-BZ080_DFOAM2 PAD, PILLAR NO.1 LH","10,458.0000","PC"
"967.","102948","62552-BZ020_DFOAM PAD, PILLAR NO.2","12,977.0000","PC"
"968.","102949","61881-BZ050_DFOAM SEAL, ROOF SD RAIL FR RH","5,561.0000","PC"
"969.","102950","61882-BZ020_DFOAM SEAL, ROOF SD RAIL FR LH","5,836.0000","PC"
"970.","102951","61881-BZ060_DFOAM SEAL, ROOF SD RAIL FR RH","4,254.0000","PC"
"971.","102952","61882-BZ030_DFOAM SEAL, ROOF SD RAIL FR LH","7,096.0000","PC"
"972.","102953","SBR 1009C (22.5KG/BOX)","1,912.0000","KG"
"973.","102954","LEMON FRAGRANCE (20KG/DRUM)","29.0000","KG"
"974.","102955","LEMONGRASS FRAGRANCE (20KG/DRUM)","10.6000","KG"
"975.","102959","PET FILM - SINGLE COATED SILICONE (50UM X 140MM X 500M)","14.0000","ROLL"
"976.","102960","PET FILM - SINGLE COATED SILICONE (50UM X 200MM X 500M)","30.0000","ROLL"
"977.","102963","R.PAPER,DOUBLE GLS (80GSM, 50MM WIDTH, 420M LENGTH)","0.0000","ROLL"
"978.","102966","62551-BZ080_NYLON PAD, PILLAR,NO.1 RH","13,652.0000","PC"
"979.","102967","62561-BZ080_NYLON PAD, PILLAR,NO.1 LH","12,760.0000","PC"
"980.","102968","62611-BZ070_NYLON PAD, QTR WHEEL HSE, RH","14,231.0000","PC"
"981.","102969","62612-BZ030_NYLON PAD, QTR WHEEL HSE, LH","13,624.0000","PC"
"982.","102970","62552-BZ020_NYLON PAD, PILLAR,NO.2 RH","43,679.0000","PC"
"983.","102971","61881-BZ060_NYLON PAD, SEAL ROOF SD RAIL, FR RH","14,652.0000","PC"
"984.","102972","61882-BZ030_NYLON PAD, SEAL ROOF SD RAIL, FR LH","15,582.0000","PC"
"985.","102973","61881-BZ050_NYLON PAD, SEAL ROOF SD RAIL, FR RH","14,668.0000","PC"
"986.","102974","61882-BZ020_NYLON PAD, SEAL ROOF SD RAIL, FR LH","14,213.0000","PC"
"987.","102975","58379-BZ040_NYLON PAD, BODY LWR BACK","13,446.0000","PC"
"988.","102976","58379-BZ050_NYLON PAD, BODY LWR BACK","15,245.0000","PC"
"989.","102977","62611-BZ070 (PAD, QUARTER WHEEL HOUSE, RH)","2,080.0000","PC"
"990.","102978","62612-BZ030 (PAD, QUARTER WHEEL HOUSE, LH)","2,240.0000","PC"
"991.","102979","58379-BZ040 (PAD, BODY LWR BACK, RH)","2,840.0000","PC"
"992.","102980","58379-BZ050 (PAD, BODY LWR BACK, LH)","1,840.0000","PC"
"993.","102981","62551-BZ080 (PAD, PILLAR NO.1 RH)","3,090.0000","PC"
"994.","102982","62561-BZ080 (PAD, PILLAR NO.1 LH)","2,400.0000","PC"
"995.","102983","62552-BZ020 (PAD, PILLAR NO.2 RH)","16,200.0000","PC"
"996.","102984","61881-BZ050 (SEAL, ROOF SIDE RAIL, FR RH)","3,300.0000","PC"
"997.","102985","61882-BZ020 (SEAL, ROOF SIDE RAIL, FR LH)","3,150.0000","PC"
"998.","102986","61881-BZ060 (SEAL, ROOF SIDE RAIL, FR RH)","2,520.0000","PC"
"999.","102987","61882-BZ030 (SEAL, ROOF SIDE RAIL, FR LH)","2,880.0000","PC"
"1000.","102990","METAL CAN 50L - OPENHEAD STEEL (GREY)","60.0000","UNIT"
"1001.","102991","ROVSKI 7317NZ (50KG/PAIL)","0.0000","KG"
"1002.","102992","ROVSKI 7317NZ (60KG/PAIL)","0.0000","KG"
"1003.","102993","ROVSKI 7315WP (50KG/PAIL)","0.0000","KG"
"1004.","102994","ROVSKI 7315WP (60KG/PAIL)","0.0000","KG"
"1005.","102996","61667-0A070 (SEAL, QUARTER PANEL, NO.1)","2,700.0000","PC"
"1006.","102997","61668-0A070 (SEAL, QUARTER PANEL, NO.2)","3,080.0000","PC"
"1007.","102998","62554-0A070 (PAD, PILLAR, NO.4)","5,760.0000","PC"
"1008.","102999","ROVSKI 7317TM (25KG/PAIL)","0.0000","KG"
"1009.","103000","ROVSKI 7315BN (HV) (WIP)","500.0000","KG"
"1010.","103001","ROVSKI 7315BN (HV) (250KG/DRUM)","0.0000","KG"
"1011.","103007","SUNSTAR 560T (320ML/CART)","0.0000","CART"
"1012.","103008","KUMHO 1502 (35KG/BALE)","1,001.2400","KG"
"1013.","103009","RAVEN L POWDER (10KG/BAG)","126.8000","KG"
"1014.","103010","SEAL TAPE (1.5MM X 50MM X 10M)","15.0000","ROLL"
"1015.","103011","SEAL TAPE (1.5MM X 100MM X 10M)","87.0000","ROLL"
"1016.","103012","EMC 40B (AS) (6KG/BAG)","60.0000","KG"
"1017.","103013","1MS (MM) BLACK MATTE (WIP)","0.0000","KG"
"1018.","103014","AGC (MM) BLACK MATTE (600ML/SSG)","0.0000","SG"
"1019.","103017","20079-SOUDAL MANHOLE SEALANT BARCODE STICKER (16MM X 3.8M)(150MM X 100MM)","1,753.0000","PC"
"1020.","103018","20197-SOUDAL MANHOLE SEALANT BARCODE STICKER (20MM X 3.8M)(150MM X 100MM)","2,911.0000","PC"
"1021.","103019","20079-SOUDAL MANHOLE SEALANT DIE CUT STICKER (16MM X 3.8M)(200MM X 200MM)","0.0000","PC"
"1022.","103021","20079-SOUDAL MANHOLE SEALANT OUTER CARTON BOX (16MM X 3.8M)(662 X 330 X 170MM)","2.0000","PC"
"1023.","103024","PENGUIN CEMENT SW-601 (333ML/CART)","0.0000","CART"
"1024.","103025","REPACKING PROCESS FROM PAIL TO CARTRIDGE C/W NOZZLE & PLUNGER","0.0000","CART"
"1025.","103031","ROVCARE D1000-LEMONGRASS (200ML/BTL)","0.0000","BTL"
"1026.","103034","ROVCARE D1100-LEMONGRASS (500ML/BTL)","0.0000","BTL"
"1027.","103039","746313M0A 0000 (INS, FR FLR FR CTR)","0.0000","PC"
"1028.","103040","746313M0A 0000 (INS, FR FLR FR CTR) BIG SHEET (2X600X630)MM","0.0000","PC"
"1029.","103044","ROVSKI ZS9540AM (WIP)","140.0000","KG"
"1030.","103045","ROVSKI ZS9540AM (100KG/DRUM)","1,000.0000","KG"
"1031.","103046","EPICLON 830-S (200KG/DRUM)","4,131.9000","KG"
"1032.","103047","GLASS BEADS PREMIX 16 (25KG/BAG)","149.5400","KG"
"1033.","103048","TIO2 ANATASE CA-105 (25KG/BAG)","3,708.3800","KG"
"1034.","103049","ROVSKI STP 3123 WHITE (200KG/DRUM)","0.0000","KG"
"1035.","103050","SUNSTAR IPA CLEANER 435-11 STICKER","6,498.0000","PC"
"1036.","103051","PENGUIN SEAL 1880-T STICKER","5,513.0000","PC"
"1037.","103052","PENGUIN CEMENT #1521 STICKER","6,436.0000","PC"
"1038.","103053","SHRINK LABEL - SUNSTAR 1556B","5,317.0000","PC"
"1039.","103054","MATERIAL ACRYLIC LATEX SEALANT - WHITE (300KG/DRUM)","0.0000","KG"
"1040.","103056","62611-BZ090_DFOAM, PAD,QTR WH HOUSE RH","7,687.0000","PC"
"1041.","103057","62612-BZ050_DFOAM, PAD,QTR WH HOUSE LH","8,540.0000","PC"
"1042.","103058","61881-BZ090_D-FOAM, SEAL, ROOF SD RAIL FR RH","10,800.0000","PC"
"1043.","103059","61882-BZ040_D-FOAM, SEAL, ROOF SD RAIL FR LH","11,000.0000","PC"
"1044.","103060","59196-BZ040_D-FOAM, SEAL, NOISE SHUTTER, UPR NO.1","9,614.0000","PC"
"1045.","103061","62551-BZ140_DFOAM-1, PAD, PILLAR NO.1 RH","7,723.0000","PC"
"1046.","103062","62551-BZ140_DFOAM-2, PAD, PILLAR NO.1 RH","7,081.0000","PC"
"1047.","103063","62561-BZ030_D-FOAM-1, PAD, PILLAR NO.1 LH","11,655.0000","PC"
"1048.","103064","62561-BZ030_D-FOAM-2, PAD, PILLAR NO.1 LH","9,202.0000","PC"
"1049.","103065","59199-BZ060_D-FOAM-1, SEAL, NOISE SHUTTER NO.2","10,773.0000","PC"
"1050.","103066","59199-BZ060_D-FOAM-2-1, SEAL, NOISE SHUTTER NO.2","10,860.0000","PC"
"1051.","103067","59199-BZ060_D-FOAM-2-2, SEAL, NOISE SHUTTER NO.2","11,830.0000","PC"
"1052.","103068","62611-BZ090_NYLONPAD, PAD,QTR WH HOUSE RH","8,868.0000","PC"
"1053.","103069","62612-BZ050_NYLONPAD, PAD,QTR WH HOUSE LH","11,240.0000","PC"
"1054.","103070","61881-BZ090_NYLONPAD, SEAL, ROOF SD RAIL FR RH","10,434.0000","PC"
"1055.","103071","61882-BZ040_NYLONPAD, SEAL, ROOF SD RAIL FR LH","10,595.0000","PC"
"1056.","103072","59196-BZ040_NYLONPAD, SEAL, NOISE SHUTTER, UPR NO.1","15,389.0000","PC"
"1057.","103073","62551-BZ140_NYLONPAD, PAD, PILLAR NO.1 RH","8,635.0000","PC"
"1058.","103074","62561-BZ030_NYLONPAD, PAD, PILLAR NO.1 LH","10,695.0000","PC"
"1059.","103075","59199-BZ060_NYLONPAD, SEAL, NOISE SHUTTER NO.2","17,271.0000","PC"
"1060.","103076","INDUSTRIAL 5 BOTTLE CODE 157-L207 LOCK CAP (RED) + INSERT IN207 (500ML) PP/PE (NC) (TRANSLUCENT)","10,330.0000","PC"
"1061.","103077","GLASS BEAD PREMIX P93 (25KG/BAG)","2.8600","KG"
"1062.","103078","ROVSKI ZS9572GM (WIP)","440.0000","KG"
"1063.","103079","ROVSKI ZS9572GM (100KG/DRUM)","100.0000","KG"
"1064.","103080","ALLFIX ACRYLIC (350ML/SSG)","0.0000","SG"
"1065.","103081","ROVSKI ZS8244M (WIP)","0.0000","KG"
"1066.","103083","ROVSKI ZS8244M (100KG/DRUM)","400.0000","KG"
"1067.","103084","ROVSKI ZS8244M (25KG/PAIL)","125.0000","KG"
"1068.","103085","ROVSKI ZS8244M (250ML/CART)","0.0000","CART"
"1069.","103086","ROVSKI ZS8246M (WIP)","0.0000","KG"
"1070.","103088","ROVSKI ZS8246M (100KG/DRUM)","600.0000","KG"
"1071.","103089","ROVSKI ZS8246M (25KG/PAIL)","125.0000","KG"
"1072.","103090","ROVSKI ZS8246M (250ML/CART)","66.0000","CART"
"1073.","103091","ROVSKI ZS8846M (WIP)","1,240.0000","KG"
"1074.","103093","ROVSKI ZS8846M (100KG/DRUM)","100.0000","KG"
"1075.","103094","ROVSKI ZS8846M (25KG/PAIL)","250.0000","KG"
"1076.","103095","ROVSKI ZS8846M (250ML/CART)","151.0000","CART"
"1077.","103097","ROVSKI ZS9540AM (20KG/PAIL)","260.0000","KG"
"1078.","103098","ROVSKI ZS9540AM (320G/CART)","100.0000","CART"
"1079.","103100","ROVSKI ZS9572GM (20KG/PAIL)","0.0000","KG"
"1080.","103101","ROVSKI ZS9572GM (250ML/CART)","0.0000","CART"
"1081.","103102","KERILON 668T (200KG/DRUM)","2,216.2800","KG"
"1082.","103103","KERILON 3012 (200KG/DRUM)","1,035.2200","KG"
"1083.","103104","RELEASE PAPER WHITE SINGLE SIDE (85GSM, 270MM WIDTH, 500MTR LENGTH)","50.0000","ROLL"
"1084.","103105","59196-BZ040 (SEAL, NOISE SHUTTER, UPR NO. 1)","2,880.0000","PC"
"1085.","103106","61881-BZ090 (SEAL, ROOF SIDE RAIL, FR RH)","2,600.0000","PC"
"1086.","103107","61882-BZ040 (SEAL, ROOF SIDE RAIL, FR LH)","2,600.0000","PC"
"1087.","103108","62611-BZ090 (PAD, QUARTER WHEEL HOUSE, RH)","3,120.0000","PC"
"1088.","103109","62612-BZ050 (PAD, QUARTER WHEEL HOUSE, LH)","1,400.0000","PC"
"1089.","103110","62551-BZ140 (PAD, PILLAR, NO. 1 RH)","1,800.0000","PC"
"1090.","103111","62561-BZ030 (PAD, PILLAR, NO. 1 LH)","1,600.0000","PC"
"1091.","103112","59199-BZ060 (SEAL, NOISE SHUTTER, NO. 2)","3,600.0000","PC"
"1092.","103113","PLAIN DIE CUT CARTON - 950 X 150 X 38MM (INNER 930 X 140 X 35MM) 180/180 BF","3,540.0000","PC"
"1093.","103114","CREASING PAD 190 (180 X 33 X 132MM) - 150/150 BF","1,582.0000","PC"
"1094.","103115","CREASING PAD 145 (130 X 33 X 132MM) - 150/150BF","0.0000","PC"
"1095.","103116","PALMAC 630 (25KG/BAG)","38.2400","KG"
"1096.","103119","ROVSKI RVK-T04 (7322 M)","0.0000","KG"
"1097.","103120","PENGUIN DUMPER SW-752UN (25KG/PAIL)","0.0000","KG"
"1098.","103128","PLAIN DIE CUT COVER (286 X 286 X 34MM)","300.0000","PC"
"1099.","103133","PENGUIN DAMPER SW-752 (333ML/CART)","0.0000","CART"
"1100.","103138","ROVSKI 1533 (6MM X 13M)","0.0000","ROLL"
"1101.","103139","UBEPOL BR150 (35KG/BALE)","0.0000","KG"
"1102.","103140","ROVSKI 906 GREY (PT ROVSKI) 16MM X 3.8M (ROLL)","18.0000","ROLL"
"1103.","103142","PIGMENT BLUE 15:3 (20KG/BAG)","0.0000","KG"
"1104.","103143","FAST ORANGE RL (25KG/BAG)","24.4800","KG"
"1105.","103144","SUMFAST YELLOW HR70 (25KG/BAG)","23.8800","KG"
"1106.","103145","ROVSKI 1524 (DESA MILENIA) (9.5MMX9.5MMX4.6M)","0.0000","ROLL"
"1107.","103150","STP 3123 YELLOW (320ML/CART)","0.0000","CART"
"1108.","103151","STP 3123 ORANGE (320ML/CART)","0.0000","CART"
"1109.","103152","STP 3123 BLACK (320ML/CART)","0.0000","CART"
"1110.","103153","STP 3123 BLUE (320ML/CART)","0.0000","CART"
"1111.","103156","ROVSKI RVK-T05 (7322 M)","0.0000","KG"
"1112.","103157","ROVSKI RVK-HCC2 (7322 SEA)","6,600.0000","KG"
"1113.","103158","1-MS (LM) BEIGE 714 (320ML/CART)","0.0000","CART"
"1114.","103159","SUNSTAR 556 SAUSAGE STICKER (90MM X 60MM)","1,029.0000","PC"
"1115.","103160","MAGPRO 150 (20KG/BAG)","18.2100","KG"
"1116.","103162","PERODUA PAIL STICKER (29.6CM X 20.9CM)(YELLOW)","12,447.0000","PC"
"1117.","103163","COLOR / LABEL STICKER, ART PAPER 100MM x 50MM @ 1000PCS/ROLL (GREEN PANTONE 367)","95.0000","ROLL"
"1118.","103164","COLOR / LABEL STICKER, ART PAPER 100MM x 50MM @ 1000PCS/ROLL (PINK PANTONE 182)","60.0000","ROLL"
"1119.","103165","COLOR / LABEL STICKER, ART PAPER 100MM x 50MM @ 1000PCS/ROLL (YELLOW PANTONE 100)","35.0000","ROLL"
"1120.","103166","COLOR / LABEL STICKER, ART PAPER 100MM x 50MM @ 1000PCS/ROLL (BLUE PANTONE 304)","12.0000","ROLL"
"1121.","103167","WHITE COLOR STICKER, ART PAPER 100MM x 50MM @ 1000PCS/ROLL","300.0000","ROLL"
"1122.","103168","WHITE COLOR STICKER, ART PAPER 80MM x 35MM @ 2000PCS/ROLL","0.0000","ROLL"
"1123.","103169","ROUND STICKER -19MM (YELLOW)","12,891.0000","PC"
"1124.","103170","ROVSKI 1533 (6MM X 10M) (20ROLL/BOX)","0.0000","ROLL"
"1125.","103171","KETONIC RESIN HK-1000 (25KG/BAG)","101.6800","KG"
"1126.","103172","ROVSKI 1538AR (STELLANTIS) (5MMX7MMX5000MM)","0.0000","ROLL"
"1127.","103173","JEFFSOL PC (249KG/DRUM)","152.4200","KG"
"1128.","103190","BITONER RESIN C5 BT-2104 (25KG/BAG)","5,080.7200","KG"
"1129.","103191","20079(A)-SOUDAL MANHOLE SEALANT OUTER CARTON BOX (16MM X 3.8M)(662 X 330 X 170MM)","82.0000","PC"
"1130.","103192","20197(A)-SOUDAL MANHOLE SEALANT OUTER CARTON BOX (20MM X 3.8M)(361 X 361 X 225MM)","1.0000","PC"
"1131.","103193","20079(A)-SOUDAL MANHOLE SEALANT DIE CUT STICKER (16MM X 3.8M)(200MM X 200MM)","0.0000","PC"
"1132.","103194","20197(A)-SOUDAL MANHOLE SEALANT DIE CUT STICKER (20MM X 3.8M)(200MM X 200MM)","0.0000","PC"
"1133.","103195","22HP BASE","213.0000","KG"
"1134.","103198","PLAIN PAPER CARTRIDGE (W/O NOZZLE & PLUNGER)","8,000.0000","PC"
"1135.","103199","PLAIN PAPER CARTRIDGE WITH PLUNGER (W/O NOZZLE)","88,440.0000","PC"
"1136.","103203","PLASTIC HOSE - 5.5 IN x 0.19MM(T)","1,290.0000","KG"
"1137.","103204","PENGUIN CEMENT 1548D HAZARD STICKER","23,634.0000","PC"
"1138.","103205","150ML ALUMINIUM TUBE WITH SCREW CAP NOZZLE HEAD","27,399.0000","PC"
"1139.","103206","SEAM SEALER 353 TUBE BOX - (52MM X 40MM X 215MM - 350GSM BB GREYBACK)","3,549.0000","PC"
"1140.","103207","SEAM SEALER 353 OUTER BOX (10 X 150ML) - (266MM X 218MM X 82MM - 350GSM BB GREYBACK)","744.0000","PC"
"1141.","103211","ROVCARE PET GENERAL DISINFECTANT (SPCA) (20KG/BTL)","0.0000","BTL"
"1142.","103212","ROVCARE LIQUID LAUNDRY DETERGENT (SPCA) (20KG/BTL)","0.0000","BTL"
"1143.","103213","ROVCARE CONCENTRATED PET SURFACE CLEANER (SPCA) (20KG/BTL)","0.0000","BTL"
"1144.","103215","NS517 GHS LABEL (52MM X 74MM)","3,000.0000","PC"
"1145.","103219","UPC DINP (18KG/PAIL)","0.0000","KG"
"1146.","103220","UPC DINP LOCAL (180KG/DRUM)","0.0000","KG"
"1147.","103221","UPC DINP OVERSEA (180KG/DRUM)","0.0000","KG"
"1148.","103222","1MS LOW MODULUS BOX LABEL (140 X 100 MM)","3,000.0000","PC"
"1149.","103223","1MS MEDIUM MODULUS BOX LABEL (140 X 100 MM)","3,000.0000","PC"
"1150.","103224","1MS LOW MODULUS SAUSAGE LABEL (80 X 45 MM)","20,000.0000","PC"
"1151.","103225","1MS MEDIUM MODULUS SAUSAGE LABEL (80 X 45 MM)","10,500.0000","PC"
"1152.","103226","1MS LOW MODULUS SHRINK WRAP (82MM W x 220MM H)","12,288.0000","PC"
"1153.","103229","400 x 256 x 200mm (RSC D/W ABF TL180/M180/180TL) SSG BOX","3,187.0000","PC"
"1154.","103230","LOC OROTEX 580 (20KG/PAIL)","20.0000","KG"
"1155.","103231","KRYNAC 3330C (25KG/BAG)","519.4500","KG"
"1156.","103232","ROVSKI 1538 (2.8MM x 10MM x 700MM)","84.0000","PC"
"1157.","103233","ROVSKI 1520 (2.0MMx59MMx129MM)","0.0000","PC"
"1158.","103234","ROVSKI 1520 COMPOUND","6.5000","KG"
"1159.","103235","ROVCARE LIQUID LAUNDRY DETERGENT (1.8KG/BTL)","0.0000","BTL"
"1160.","103236","ROVCARE LIQUID LAUNDRY DETERGENT 1.8KG (6 BTL/BOX)","0.0000","BTL"
"1161.","103239","LIQUID LAUNDRY DETERGENT (WIP)","0.0000","KG"
"1162.","103244","SW151905 BREEZY FRESH (5KG/BOTTLE)","19.4000","KG"
"1163.","103245","SODIUM HYDROXIDE 50% (30KG/JERRYCAN)","29.4800","KG"
"1164.","103249","PDV SALT (25KG/BAG)","21.2560","KG"
"1165.","103252","EMERSENSE ES 7062 (165KG/DRUM)","360.6000","KG"
"1166.","103257","ZS8244M HAZARD STICKER (105x148 MM) (500 PCS/ROLL)","3.0000","ROLL"
"1167.","103258","ZS8246M HAZARD STICKER (105x148 MM) (1,000 PCS/ROLL)","3.0000","ROLL"
"1168.","103259","ZS8846M HAZARD STICKER (105x148 MM) (1,000 PCS/ROLL)","3.0000","ROLL"
"1169.","103260","ZS9540AM HAZARD STICKER (105x148 MM) (1,000 PCS/ROLL)","3.0000","ROLL"
"1170.","103261","ZS9572GM HAZARD STICKER (105x148 MM) (500 PCS/ROLL)","3.0000","ROLL"
"1171.","103262","OROTEX 580M HAZARD STICKER (111x153 MM) (500 PCS/ROLL)","3.0000","ROLL"
"1172.","103263","STP 3123 SAUSAGE STICKER (48x86 MM) (1,000 PCS/ROLL)","4.0000","ROLL"
"1173.","103264","353 BOX STICKER FRONT (435x220 MM) (200 PCS/ROLL)","0.0000","ROLL"
"1174.","103265","353 BOX STICKER SIDE (280x220 MM) (200 PCS/ROLL)","0.0000","ROLL"
"1175.","103266","RECYCLE DRUM LABEL","4,800.0000","PC"
"1176.","103267","SUNSTAR PENGUIN SEAL 560TB (320ML/CART)","0.0000","CART"
"1177.","103268","ROVSKI 1538 (2.3MM x 4.0MM x 9.3M)","1,140.0000","ROLL"
"1178.","103272","SISIB FS2100 (10KG/BAG)","722.8300","KG"
"1179.","103277","ROVSKI 1520 (2.0MM X 48MM X 104MM)","0.0000","PC"
"1180.","103278","20079 SOUDAL MANHOLE SEALANT DIE CUT STICKER NZ GREY (16mm x 3.8M) (200MM X 200MM)","2,282.0000","PC"
"1181.","103279","20197 SOUDAL MANHOLE SEALANT DIE CUT STICKER NZ GREY (20mm x 3.8M) (200MM X 200MM)","9,405.0000","PC"
"1182.","103280","20079 SOUDAL MANHOLES SEALANT OUTER CARTON NZ GREY (16MM X 3.8M)(662 X 330 X 175MM)","1,589.0000","PC"
"1183.","103281","20197 SOUDAL MANHOLES SEALANT OUTER CARTON NZ GREY (20MM X 3.8M)(361 X 361 X 225MM)","1,585.0000","PC"
"1184.","103282","LIQUID HAND WASH ORANGE BLOSSOM (WIP)","0.0000","KG"
"1185.","103283","LIQUID HAND WASH ORANGE BLOSSOM 500ML (12BTL/BOX)","-15.0000","BTL"
"1186.","103284","76930 7DL0A_ INSUL-RR PLR","1,839.0000","PC"
"1187.","103285","76350 7DL0A_INSUL ASSY-ROOF SIDE, INR","1,422.0000","PC"
"1188.","103286","76350 7DL0C_INSUL ASSY-ROOF SIDE, INR","2,000.0000","PC"
"1189.","103287","74881 7DL0D_INSUL-FR FLOOR, FR CTR","2,100.0000","PC"
"1190.","103288","762H8 7DL0B_SEAL-FR PLR INR","1,524.0000","PC"
"1191.","103289","74881 7DL2B_INSUL-FR FLOOR, FR CTR","1,778.0000","PC"
"1192.","103290","80160 7DL0A_SILENCER-DOOR","3,520.0000","PC"
"1193.","103291","74881 7DL2A_INSUL-FR FLOOR, FR CTR","1,737.0000","PC"
"1194.","103292","762H8 7DL0A_SEAL-FR PLR INR LH","1,500.0000","PC"
"1195.","103293","76350 7DL1A_INSUL ASSY-ROOF SIDE, INR","1,934.0000","PC"
"1196.","103295","LIQUID HAND WASH ORANGE BLOSSOM (500ML/BTL)","232.0000","BTL"
"1197.","103297","UNICELL-G (50KG/FIBRE DRUM)","110.4300","KG"
"1198.","103299","ROVSKI 1422 (1MM X 5MM X 220MM)","0.0000","PC"
"1199.","103300","PENGUIN SEAL 556 HAZARD STICKER (105x148 MM)","2,543.0000","PC"
"1200.","103301","PENGUIN CEMENT SH 320-D HAZARD STICKER (105x75 MM)","3,963.0000","PC"
"1201.","103305","63122 7DL0A_STFNR-FR,FDR","3,150.0000","PC"
"1202.","103306","5L LAUNDRY DETERGENT BOTTLE - WHITE (Y5044-5L-LD68)","1,000.0000","PC"
"1203.","103307","5L LAUNDRY DETERGENT CAP - WHITE (LD68)","1,000.0000","PC"
"1204.","103308","5L LAUNDRY DETERGENT POURER - NATURAL (LD68)","1,000.0000","PC"
"1205.","103310","768C4 7DL0A INSUL-FR PLR OTR, LWR (2.0 X 10 X 195 MM)","960.0000","PC"
"1206.","103311","762H8 7DL0B SEAL-FR PLR INR (1.0 X 10 X 30 MM)","960.0000","PC"
"1207.","103312","74881 7DL2B INSUL-FR FLOOR,FR CTR (2.0 X 30 X 40 MM)","372.0000","PC"
"1208.","103313","74881 7DL0D INSUL-FR FLOOR,FR CTR (1.0 X 10 X 45 MM)","744.0000","PC"
"1209.","103314","762H8 7DL0A SEAL-FR PLR INR LH (1.5 X 10 X 100 MM)","960.0000","PC"
"1210.","103315","74881 7DL2A INSUL-FR FLOOR,FR CTR (2.0 X 30 X 70 MM)","384.0000","PC"
"1211.","103316","74881 7DL1A INSUL-FR FLOOR,FR CTR (4.5 X 10 X 30 MM)","372.0000","PC"
"1212.","103317","74881 7DL1C INSUL-FR FLOOR,FR CTR (1.5 X 10 X 80 MM)","372.0000","PC"
"1213.","103318","78162 7DL0A STFNR-RR FDR (1.85 X 50 X 250 MM)","504.0000","PC"
"1214.","103319","78162 7DL0C STFNR-RR FDR (2.05 X 120.8 X 265 MM)","360.0000","PC"
"1215.","103320","82154 7DL0C STFNR-RR DOOR,OTR (0.85 X 165 X 280 MM)","372.0000","PC"
"1216.","103321","765C4 7DL0A INSUL-CTRPLR,OTR (2.0 X 15 X 310 MM)","960.0000","PC"
"1217.","103322","76884 7DL0B INSUL-RR PLR INR (2.5 X 15 X 48 MM)","960.0000","PC"
"1218.","103323","776C9 7DL0A INSUL-BACK PLR, LH (2.5 X 10 X 50 MM)","960.0000","PC"
"1219.","103324","74365 7DL0A SEAL-RET, A (1.0 X 20 X 20 MM)","744.0000","PC"
"1220.","103325","76930 7DL0A INSUL-RR PLR (1.0 X 10 X 90 MM)","1,080.0000","PC"
"1221.","103326","76350 7DL0A INSUL ASSY-ROOF SIDE,INR (1.0 X 10 X 20 MM)","840.0000","PC"
"1222.","103327","76350 7DL0C INSUL ASSY-ROOF SIDE,INR (1.0 X 15 X 65 MM)","960.0000","PC"
"1223.","103328","76350 7DL1A INSUL ASSY-ROOF SIDE,INR (1.5 X 10 X 20 MM)","960.0000","PC"
"1224.","103329","80160 7DL0A SILENCER-DOOR (2.0 X 100 X 300 MM)","1,488.0000","PC"
"1225.","103330","63122 7DL0A STFNR-FR FDR (13 X 50 X 15 MM)","768.0000","PC"
"1226.","103331","HD540S AGRICULTURAL DRONE","15.0000","SET"
"1227.","103332","HD540S AGRICULTURAL DRONE CHARGER","16.0000","PC"
"1228.","103333","HD540S AGRICULTURAL DRONE SMART BATTERY","33.0000","PC"
"1229.","103335","DRONE MOBILE BASE STATION","-2.0000","UNIT"
"1230.","103336","DRONE REMOTE CONTROL","16.0000","UNIT"
"1231.","103340","HD540PRO FRAME LANDING GEAR CONNECTOR - LEFT FRONT & RIGHT REAR","0.0000","PC"
"1232.","103347","HD540 CW BLADE WITHOUT LOGO(1 PAIR)","0.0000","PC"
"1233.","103348","HD540 CCW BLADE WITHOUT LOGO(1 PAIR)","0.0000","PC"
"1234.","103357","HD540PRO LANDING GEAR RADAR FIXED TUBE - SHORT","-15.0000","PC"
"1235.","103407","HD540S_OUTER JOINT CARBON TUBE COMPONENT-NO. 5","0.0000","PC"
"1236.","103417","LIQUID LAUNDRY DETERGENT (3.6KG/BTL)","32.0000","BTL"
"1237.","103419","HDPE PLASTIC BAG - 15 1/2 IN(W) x 16 1/2 IN(L) x 0.02MM(T)(20KG/BAG)","240.0000","KG"
"1238.","103421","HDPE PLASTIC BAG - 12 IN(W) x 20 IN(L) x 0.02MM(T)(20KG/BAG)","615.0000","KG"
"1239.","103422","HDPE PLASTIC BAG - 38 IN(W) x 80 IN(L) x 0.05MM(T)(20KG/BAG)","440.0000","KG"
"1240.","103423","LDPE PLASTIC BAG - 200MM(W) X 250MM(L) X 0.05MM(T)(20KG/BAG)","360.0000","KG"
"1241.","103424","HDPE PLASTIC SHEET - 40 IN(W) x 40 IN(L) x 0.07MM(T) (20KG/BAG)","360.0000","KG"
"1242.","103425","HDPE PLASTIC BAG - 12 IN(W) x 17.5 IN(L) x 0.04MM(T)(20KG/BAG)","240.0000","KG"
"1243.","103426","HDPE PLASTIC BAG - 40 IN(W) x 60 IN(L) x 0.1MM(T)(20KG/BAG)","620.0000","KG"
"1244.","103427","HDPE PLASTIC BAG - 22 IN(W) x 36 IN(L) x 0.07MM(T)(20KG/BAG)","465.0000","KG"
"1245.","103428","ROUND STICKER - 20MM (LIGHT GREY)","2,355.0000","PC"
"1246.","103429","ROVSKI SA390 SEAL ACE (142KG/DRUM)","0.0000","KG"
"1247.","103432","762E4B000P_D-FOAM, INSUL-FR PLR,LWR RH","3,201.0000","PC"
"1248.","103433","762E4B000P_NYLON, INSUL-FR PLR,LWR RH","2,302.0000","PC"
"1249.","103434","762E5B000P_D-FOAM, INSUL-FR PLR,LWR LH","3,173.0000","PC"
"1250.","103435","762E5B000P_NYLON, INSUL-FR PLR,LWR LH","2,277.0000","PC"
"1251.","103436","776C8B040P_D-FOAM, GATE PLR RH","2,947.0000","PC"
"1252.","103437","776C8B040P_NYLON, GATE PLR RH","2,490.0000","PC"
"1253.","103438","776C9B040P_D-FOAM, GATE PLR LH","2,949.0000","PC"
"1254.","103439","776C9B040P_NYLON, GATE PLR LH","2,490.0000","PC"
"1255.","103440","768C8B070P_D-FOAM, RR PLR LWR RH","3,181.0000","PC"
"1256.","103441","768C8B070P_NYLON, RR PLR LWR RH","3,200.0000","PC"
"1257.","103442","768C9B000P_D-FOAM, RR PLR LWR LH","3,128.0000","PC"
"1258.","103443","768C9B000P_NYLON, RR PLR LWR LH","3,070.0000","PC"
"1259.","103446","76276B120P INSUL-FR PLR (3.0 X 40 X 77MM)","680.0000","PC"
"1260.","103447","76276B130P INSUL-FR PLR (4.5 X 40 X 45MM)","660.0000","PC"
"1261.","103448","76889B150P INSUL-SIDE ROOF (4.0 X 40 X 136MM)","660.0000","PC"
"1262.","103449","76889B160P INSUL-SIDE ROOF (7.0 X 50 X 97MM)","660.0000","PC"
"1263.","103450","762E4B030P INSUL-FR PLR,LWR RH","360.0000","PC"
"1264.","103451","762E5B030P INSUL-FR PLR,LWR LH","360.0000","PC"
"1265.","103452","776C8B100P INSUL-BACK PLR,RH","330.0000","PC"
"1266.","103453","776C9B100P INSUL-BACK PLR,LH","360.0000","PC"
"1267.","103454","768C8B130P INSUL-RR PLR,LWR RH","360.0000","PC"
"1268.","103455","768C9B060P INSUL-RR PLR,LWR LH","330.0000","PC"
"1269.","103456","766F2B020P STFNR-RR SIDE PANEL,RH (0.8MM X 150MM X 300MM)","330.0000","PC"
"1270.","103457","76645B030P STFNR-RR PLR INR,LH (0.8MM X 200MM X 330MM)","660.0000","PC"
"1271.","103458","63123B020P STFNR-FR FDR,LH (0.8MM X 100MM X 100MM)","840.0000","PC"
"1272.","103459","63127B040P STFNR-FR FDR,B LH (0.8MM X 80MM X 300MM)","840.0000","PC"
"1273.","103460","GASOLINE GENERATOR SENCI SC12000E C/W BATTERY","1.0000","UNIT"
"1274.","103463","EPICLON 840-S (200KG/DRUM)","2,822.0000","KG"
"1275.","103464","DICY (15KG/CARTON)","819.0000","KG"
"1276.","103465","ADH-S (20KG/CARTON)","399.3200","KG"
"1277.","103469","SIWIN-A111 (25KG/PAIL)","29.2400","KG"
"1278.","103472","PERODUA PAIL STICKER (29.6CM X 20.9CM) YELLOW (SIMILI STICKER)","12,000.0000","PC"
"1279.","103473","HDPE PLASTIC BAG-13 IN(W) X 20 IN(L) X 0.07MM(T)(20KG/BAG)","900.0000","KG"
"1280.","103474","PLAIN DIE CUT PIZZA CARTON, INNER 620MM X 278MM X 48MM, EXTERNAL 640MM X 285MM X 54MM","1,390.0000","PC"
"1281.","103476","SEAL-ACE 390-ASM(140X230MM)","6,000.0000","PC"
"1282.","103477","SEAL-ACE 395-ASM(140X230MM)","5,000.0000","PC"
"1283.","103479","84175 -CGAA1 PAD-SIDE OTR L/RH ANTI (1.3/0.2 x 100 x 140)","0.0000","PC"
"1284.","103480","84175 -CGAA2 PAD-SIDE OTR LH ANTI (1.3/0.2 x 100 x 165)","0.0000","PC"
"1285.","103481","84175 -CGAA3 PAD-SIDE OTR LH ANTI (1.3/0.2 x 100 x 170)","0.0000","PCS"
"1286.","103482","84175 -CGAA4 PAD-SIDE OTR RH ANTI (1.3/0.2 x 100 x 250)","0.0000","PC"
"1287.","103483","84175 -CGAA5 PAD-SIDE OTR LH ANTI (1.3/0.2 x 100 x 395)","0.0000","PC"
"1288.","103484","84175 -CGAA6 PAD-SIDE OTR RH ANTI (1.3/0.2 x 100 x 480)","0.0000","PC"
"1289.","103485","84175 -CGAA7 PAD-FRT DR PNL L/RH ANTI (1.3/0.2 x 100 x 550)","0.0000","PC"
"1290.","103486","84175 -CGAA8 PAD-FRT DR PNL L/RH ANTI (1.3/0.2 x 120 x 160)","0.0000","PC"
"1291.","103487","84175 -CGAA9 PAD-RR DR PNL L/RH ANTI (1.3/0.2 x 120 x 300)","0.0000","PC"
"1292.","103492","SIWIN-M3310 (200KG/DRUM)","2,820.3100","KG"
"1293.","103495","580M (WIP)","0.0000","KG"
"1294.","103503","84175-CGA10 PAD T/GATE (1.5MM X 100MM X 130MM) LS8020","0.0000","PC"
"1295.","103504","84175-CGAA11 PAD T/GATE (1.5MM X 130MM X 650MM) LS8020","0.0000","PC"
"1296.","103505","84175-CGA12 PAD T/GATE (1.5MM X 100MM X 427MM) LS8020","0.0000","PC"
"1297.","103508","RELEASE PAPER 75GSM DEEP YELLOW 530MM X 530MM","20,200.0000","PC"
"1298.","103510","77116-MY001 ANTIVIBRATION PAD-RR DR, LH/RH (80MM X 280MM)","55.0000","PC"
"1299.","103511","77116-MY002 ANTIVIBRATION PAD-RR DR, LH/RH (80MM X 180MM)","84.0000","PC"
"1300.","103512","84179-MY003 ANTIVIBRATION PAD-FENDER, LH (120MM X 120MM)","0.0000","PC"
"1301.","103513","84179-MY004 ANTIVIBRATION PAD-FENDER, RH (120MM X 250MM)","0.0000","PC"
"1302.","103515","ROVSKI 1533 (6.0MM X 10MM X 10M)","0.0000","PC"
"1303.","103516","66116-4A000 ANTIVIBRATION PAD-HOOD (1.5MM X 100MM X 200MM)","0.0000","PC"
"1304.","103517","66116-4A001 ANTIVIBRATION PAD-HOOD (SIZE: 1.5MM X 100MM X 100MM)","0.0000","PC"
"1305.","103518","77116-4A001 ANTIVIBRATION PAD-RR DR (1.5MM X 80MM X 550MM)","0.0000","PC"
"1306.","103519","84179-4A000 ANTIVIBRATION PAD-FENDER (1.5MM X 140MM X 300MM)","0.0000","PC"
"1307.","103520","GOODYEAR BR1208 (1300KG/PALLET)","1,290.5800","KG"
"1308.","103525","STP 3123 BASE (18KG/PAIL)","0.0000","KG"
"1309.","103526","OROTEX 580 (ORIGINAL) (333ML/CART)","0.0000","CART"
"1310.","103527","PENGUIN CEMENT #SH 320D (333ML/CART)","0.0000","CART"
"1311.","103528","PENGUIN CEMENT 1548D (333ML/CART)","0.0000","CART"
"1312.","103530","STP 3123 BOX STICKER (130X95MM) 200PCS/ROLL","7.0000","ROLL"
"1313.","103532","ROVSKI 1538 (8MMx45MMx45MM)","0.0000","PC"
"1314.","103533","STP 3123 SHRINK LABEL 320ML - VOC LOGO","20,000.0000","PC"
"1315.","103535","SUNSTAR 580SET (320ML/CART) C/W PRIMER (20ML/BTL) & PRIMER BRUSH","0.0000","SET"
"1316.","103538","ROVSKI 1538 (15MM X 250MM) TOILET BOWL GASKET","0.0000","PC"
"1317.","103539","ROVSKI 1545 (2.5MM X 1.5CM X 30CM)","0.0000","PC"
"1318.","103543","ROVSKI 1545 (2MM X 15MM X 150MM)","15,000.0000","PC"
"1319.","103544","ROVSKI 1545 (2MM X 15MM X 250MM)","1,400.0000","PC"
"1320.","103545","ROVSKI 1545 (2MM X 15MM X 300MM)","1,548.0000","PC"
"1321.","103548","ROVSKI 7317TMG (285KG/DRUM)","20,235.0000","KG"
"1322.","103549","ROVSKI 1538 (5MM X 6MM X 12M)","0.0000","PC"
"1323.","103550","ROVSKI 1538 (14MM X 350MM)","0.0000","PC"
"1324.","103551","ROVSKI 1538 (10MM X 65MM X 65MM)","0.0000","PC"
"1325.","103552","SEAL ACE 395-ASM (GHS) 105X145MM PERODUA STICKER","2,000.0000","PC"
"1326.","103557","LIQUID HAND WASH PEACH SAKURA (500ML/BTL)","30.0000","BTL"
"1327.","103567","GHS LABEL PENGUIN CEMENT 378V (75MM X 105MM) LABEL STICKER","2,000.0000","PC"
"1328.","RM 160106","Baymond NXL 38.43 - Synthetic Rubber (Powder NBR)","0.0000","KG"
"1329.","RM 160107","Nipol N31 - Synthetic Rubber","0.0000","KG"
"1330.","RM 160108","Lanxess Krynac 3380 VP - Synthetic Rubber Mid High NBR","0.0000","KG"
"1331.","RM 210301","Quicklime CaO (25kg/bag)","100.0000","KG"
"1332.","RM 210701","Kumho 1502 (10kg/bale)","10.0000","KG"
"1333.","RM 210702","Ubepol BR 150 (35kg/bale)","0.0000","KG"
"1334.","RM 210801","Jinex PIB 6130 (175kg/drum)","175.0000","KG"
"1335.","RM 210802","Jinex PIB 6240 (175kg/drum)","175.0000","KG"
"1336.","RM 211001","Kraton G-1652","3.9000","KG"
"1337.","RM 220301","C5 ALIPHATIC HYDROCARBON RESIN BITONER BT-2104 (25kg/bag)","43.0000","KG"
"1338.","RM 220801","MagPro 150","0.0000","KG"
"1339.","RM 220902","TACKIROL 160G","2.1100","KG"
"1340.","RM 221001","HDK H15 (10KG/BAG)","40.7100","KG"
"1341.","RM 221101","Epiclon 840-S (200kg/drum)","0.0000","KG"
"1342.","RM 221106","Sodium Chloride","0.0000","KG"
"1343.","RM 221107","Microcare IT","24.7120","KG"
"1344.","RM 221108","Glycerin","240.4000","KG"
"1345.","RM 221109","Fragrance Peach 5515","4.0000","KG"
"1346.","RM 221110","Peach Coloring","0.0140","KG"
"1347.","RM 221201","Perbutyl Z 98% Min Liquid (18KG/CTN)","18.0000","KG"
"1348.","RM 230901","IIR IMPRAMER R1675","281.3000","KG"
"1349.","RM 231001","SISIB FS2100 (10KG/BAG)","7.2000","KG"
"1350.","RM 231002","Deionised water","0.0080","KG"
"1351.","RM 231003","Dissolvine Na (25KG/Bag)","24.6800","KG"
"1352.","RM 231004","Merquat 3330PR (200KG/Drum)","196.8000","KG"
"1353.","RM 231005","Cocodiethanolamide (200KG/Drum)","160.0000","KG"
"1354.","RM 231006","Eco Betaine OT-30 (200KG/Drum)","184.0000","KG"
"1355.","RM 231007","Emersense 7062 (165KG/Drum)","0.0000","KG"
"1356.","RM 231008","Citric Acid (25KG/Bag)","24.3600","KG"
"1357.","RM 231009","Monopropylene Glycol (215KG/Drum)","208.6000","KG"
"1358.","RM 231201","Akyl Benzene Sulphonic Acid (210KG/Drum)","154.0000","KG"
"1359.","RM 231202","Tinosan HP 100 (60KG/Drum)","58.4000","KG"
"1360.","RM 231203","Caustic Soda (50%) (30KG/carboy)","12.4000","KG"
"1361.","RM 231204","Acusol 445N (240KG/Drum)","192.0000","KG"
"1362.","RM 231205","Acticide MBS (25KG/carboy)","20.8400","KG"
"1363.","RM 231206","SW151905 Breezy Fresh (5KG/Carboy)","0.0000","KG"
"1364.","RM 231207","Blue Colouring (2.5KG/BTL)","2.1160","KG"
"1365.","RM 240401","SW156955 Orange Extract SG (5KG/Carboy)","4.0400","KG"
"1366.","RM 240601","PrimeChem LAWS (161KG/DRUM)","0.0000","KG"
"1367.","RM 240701","ADH-S","100.0000","KG"
"1368.","RM 240901","SIWIN A-111 (25KG)","0.0000","KG"
"1369.","RM 241002","1019-Pink (1KG/Bottle)","0.9984","KG"
"1370.","RM 250701","Aculyn 22 (160KG/DRUM)","320.0000","KG"
"1371.","RM 250702","Hostapon SG (200KG/DRUM)","200.0000","KG"
"1372.","RM 250703","Ecosense 919 (220KG/DRUM)","220.0000","KG"
"1373.","RM 250704","Glucopon 600 (160KG/DRUM)","160.0000","KG"
"1374.","RM 250705","Ucare Polymer JR-400 (68.04KG/DRUM)","68.0400","KG"
"1375.","RM 250706","SW1558871 Fresh Fruit AG Pet (5KG/BTL)","5.0000","KG"
"1376.","RM 250707","Sinopol 25 (25KG/BTL)","25.0000","KG"
"1377.","RM 260501","STP 230 (200KG/DRUM)","32.5000","KG"
"1378.","RM 260502","STP 330 (200KG/DRUM)","9.1600","KG"
"1379.","RM151201","Omyacarb 2T (25kg/bag)","0.0000","KG"
"1380.","RM160101","BYK 410","23.2000","KG"
"1381.","RM160102","TIB KAT 216","3.0000","KG"
"1382.","RM160103","Pure Dried Vacuum Salt","0.0000","KG"
"1383.","RM160104","Phenolic Resin","0.0000","KG"
"1384.","RM160201","Q-Cel Inorganic Microsphere, 7040S (27kg x 1box)","0.0000","KG"
"1385.","RM160301","Polyvest MA 75 (10kg/box)","0.0000","KG"
"1386.","RM160401","Tibkat 216 (5kg/bottle)","0.0000","KG"
"1387.","RM161001","Preminol S1004F 18kg/ tin","0.0000","KG"
"1388.","RM161002","Neolight SP-60 (25kg/bag)","0.0000","KG"
"1389.","RM161003","Nano Calcium Carbonate 502 (25kg/bag)","0.0000","KG"
"1390.","RM161004","Hakuenka CC-R; 600kg (25kg/bag)","0.0000","KG"
"1391.","RM161101","Krynac XL3375VP (25kg/bales)","0.0000","KG"
"1392.","RM161201","MS Polymer S203H (200KG/DRUM)","0.0000","KG"
"1393.","RM161202","MS Polymer S303H (200KG/DRUM)","0.0000","KG"
"1394.","RM170101","N375 Korea Origin (20kg/bag)","0.0000","KG"
"1395.","RM170401","C5 HWALONG HYDROCARBON RESIN AL95S (25KG/BAG)","0.0000","KG"
"1396.","RM170701","Immercarb7 25KG/Bag","0.0000","KG"
"1397.","RM171101","Preminol S3011 (18kg/tin)","0.0000","KG"
"1398.","RM180301","PREMINOL S3011 (200KG/DRUM )","0.0000","KG"
"1399.","RM180302","RISUN 30000T (200KG/DRUM)","0.0000","KG"
"1400.","RM180303","RISUN 12000DS-A (200KG/DRUM)","0.0000","KG"
"1401.","RM180304","RISUN 12000DS (200KG/DRUM)","0.0000","KG"
"1402.","RM181001","GT-3000 (100KG/DRUM)","0.0000","KG"
"1403.","RM181101","Baypren 210 (25 kg/bag)","0.0000","KG"
"1404.","RM181201","Neostann U-12","0.0000","KG"
"1405.","RM201001","Akashichem Cao","50.0000","KG"
"1406.","RM210601","SBR 1009C (956KG/pallet)","956.0000","KG"
"1407.","RM230701","Propylene Carbonate (Jeffsol PC)","250.0000","KG"
"1408.","RND SPL RM ACCELERATOR","Lab Sample of Accelerator","0.0000","KG"
"1409.","RND SPL RM ADHESION PROMOTER","Lab Sample of Adhesion Promoter","0.0000","KG"
"1410.","RND SPL RM ANTIOXIDANT","Lab Sample of Anti oxidant","0.0000","KG"
"1411.","RND SPL RM CATALYST","Lab Sample of Catalyst","0.0000","KG"
"1412.","RND SPL RM DESSICANT","Lab Sample of Dessicant","0.0000","KG"
"1413.","RND SPL RM DISPERSANT","Lab Sample of Dispersant","0.0000","KG"
"1414.","RND SPL RM FILLER","Lab Sample of Filler","0.0000","KG"
"1415.","RND SPL RM OTHER ADDICTIVE","Lab Sample of Other Addictive","0.0000","KG"
"1416.","RND SPL RM PIGMENT","Lab Sample of Pigment","1.0000","KG"
"1417.","RND SPL RM PLASTICISER","Lab Sample of Plasticiser","0.0000","KG"
"1418.","RND SPL RM POLYMER","Lab Sample of Polymer","0.0000","KG"
"1419.","RND SPL RM PRESERVATIVE","Lab Sample of Preservative","0.0000","KG"
"1420.","RND SPL RM RESIN","Lab Sample of Resin","0.0000","KG"
"1421.","RND SPL RM SOLVENT","Lab Sample of Solvent","0.0000","KG"
"1422.","RND SPL RM STABILISER","Lab Sample of Stabiliser","0.0000","KG"
"1423.","RND SPL RM TACKIFIER","Lab Sample of Tackifier","0.0000","KG"
"1424.","RND SPL RM THICKENER","Lab Sample of Thickener","0.0000","KG"
"1425.","RT 210805","LSLS-1538-10/110521/00","0.0000","KG"
"1426.","RT 210908","LS-STP3123-07/220621/00","0.0000","KG"
"1427.","RT 210909","LS -AGC(MM)LightGrey-23/010921/00","0.0000","KG"
"1428.","RT 210910","LS -AGC(MM)Black-10/010921/00","0.0000","KG"
"1429.","RT 210911","LS -AGC(MM)Grey-09/010921/00","0.0000","KG"
"1430.","RT 210912","LS -AGC(LM)Black-11/010921/00","0.0000","KG"
"1431.","RT 210913","LS -AGC(LM)Grey-07/010921/00","0.0000","KG"
"1432.","RT 211001","LS-7315G-13/170821/02","0.0000","KG"
"1433.","RT 211002","LS-7319-07/300721/01","0.0000","KG"
"1434.","RT 211003","LS-7315BN-14/300721/01","0.0000","KG"
"1435.","RT 211004","LS-7312GMVF-08/170821/02","0.0000","KG"
"1436.","RT 211005","LS-390AASM-41/061021/00","0.0000","KG"
"1437.","RT 211006","LS- 1537-03/081021/00","0.0000","KG"
"1438.","RT 211009","LS-ZS9540AM-00/221021/00","0.0000","KG"
"1439.","RT 211011","LS-AGC(MM)White-10/181021/00","0.0000","KG"
"1440.","RT 211012","LS-STP3123-08/201021/00","0.0000","KG"
"1441.","RT 211013","LS-AGC(MM)Light grey-24/081021/00","0.0000","KG"
"1442.","RT 211014","LS-AGC(MM)Black-11/181021/00","0.0000","KG"
"1443.","RT 211015","LS-AGC(MM)Grey-10/181021/00","0.0000","KG"
"1444.","RT 211016","LS-AGC(LM)Black-12/181021/00","0.0000","KG"
"1445.","RT 211017","LS-AGC(LM)Grey-08/181021/00","0.0000","KG"
"1446.","RT 211018","LS-AGC(MM)Concretegrey-10/071021/00","0.0000","KG"
"1447.","RT 211102","LS-AGC(MM)White-10/181021/00","0.0000","KG"
"1448.","RT 211104","LS-AGC(MM)Light grey-24/081021/00","0.0000","KG"
"1449.","RT 211105","LS-AGC(MM)Black-11/181021/00","0.0000","KG"
"1450.","RT 211106","LS-AGC(MM)Grey-10/181021/00","0.0000","KG"
"1451.","RT 211107","LS-AGC(LM)Black-12/181021/00","0.0000","KG"
"1452.","RT 211108","LS-AGC(LM)Grey-08/181021/00","0.0000","KG"
"1453.","RT 211109","LS-AGC(MM)Concretegrey-10/071021/00","0.0000","KG"
"1454.","RT 220101","LS- 906Grey-05/311221/00","0.0000","KG"
"1455.","RT 220102","LS- 1533-13/311221/00","0.0000","KG"
"1456.","RT 220103","LS- 1548-13/311221/00","0.0000","KG"
"1457.","RT 220104","LS- 1538-12/311221/00","0.0000","KG"
"1458.","RT 220105","LS- 1538AR-16/311221/00","0.0000","KG"
"1459.","RT 220107","LS-22HP-03/200122/00","0.0000","KG"
"1460.","RT 220201","LS-STP3123-09/280122/00","0.0000","KG"
"1461.","RT 220202","LS-STP3123-09/280122/00","0.0000","KG"
"1462.","RT 220203","LS-STP3123-09/280122/00","0.0000","KG"
"1463.","RT 220204","LS-22HB-17/270122/00","0.0000","KG"
"1464.","RT 220205","LS-22H-17/270122/00","0.0000","KG"
"1465.","RT 220206","LS-22HB-17/270122/00","0.0000","KG"
"1466.","RT 220208","LS-22HB-17/270122/00","0.0000","KG"
"1467.","RT 220210","LS-22HB-16/250122/00","0.0000","KG"
"1468.","RT 220211","LS-22HP-04/250122/00","0.0000","KG"
"1469.","RT 220212","LS-22HB-16/250122/00","0.0000","KG"
"1470.","RT 220302","LS-22HP-06/080322/00","0.0000","KG"
"1471.","RT 220303","LS-1480-09/ 100322/00","0.0000","KG"
"1472.","RT 220304","LS-ZS8846M-01/100322/00","0.0000","KG"
"1473.","RT 220305","LS-ZS8246M-02/211221/00","0.0000","KG"
"1474.","RT 220306","LS-ZS8846M-02/100322/00","0.0000","KG"
"1475.","RT 220307","LS-1480-09/100322/00","0.0000","KG"
"1476.","RT 220308","LS-ZS8846M-01/100322/00","0.0000","KG"
"1477.","RT 220309","LS-906Grey-05/170322/01","0.0000","KG"
"1478.","RT 220310","LS-1533-13/170322/01","0.0000","KG"
"1479.","RT 220311","LS-1538-12/170322/01","0.0000","KG"
"1480.","RT 220312","LS-1538AR-16/170322/01","0.0000","KG"
"1481.","RT 220313","LS-1548-13/311221/00","0.0000","KG"
"1482.","RT 220401","LS-22HB-16/080322/01","0.0000","KG"
"1483.","RT 220402","LS-22HP-06/080322/00","0.0000","KG"
"1484.","RT 220403","LS-22HB-16/080322/01","0.0000","KG"
"1485.","RT 220404","LS-22HP-06/080322/00","0.0000","KG"
"1486.","RT 220405","LS-7322M-00/200422/00","0.0000","KG"
"1487.","RT 220406","LS-906Grey-06/180422/00","0.0000","KG"
"1488.","RT 220407","LS-1533-14/180422/00","0.0000","KG"
"1489.","RT 220410","LS-1548-14/210422/00","0.0000","KG"
"1490.","RT 220411","LS-1480-09/ 040422/01","0.0000","KG"
"1491.","RT 220412","LS-ZS8846M-01/100322/00","0.0000","KG"
"1492.","RT 220413","LS-AGC(MM)Light grey-25/140222/00","0.0000","KG"
"1493.","RT 220414","LS-AGC(MM)White-11/270422/00","0.0000","KG"
"1494.","RT 220415","LS-AGC(MM)Black-12/270422/00","0.0000","KG"
"1495.","RT 220416","LS-AGC(MM)Light grey-26/290422/00","0.0000","KG"
"1496.","RT 220501","LS-7322M-00/200422/00","0.0000","KG"
"1497.","RT 220502","LS-7322M-00/200422/00","0.0000","KG"
"1498.","RT 220503","LS-7317P-34/180522/00","0.0000","KG"
"1499.","RT 220504","LS-1538-14/200522/00","0.0000","KG"
"1500.","RT 220505","LS-1538AR-18/200522/00","0.0000","KG"
"1501.","RT 220506","LS-1533-15/200522/00","0.0000","KG"
"1502.","RT 220507","LS-1548-15/200522/00","0.0000","KG"
"1503.","RT 220601","LS-1538-14/200522/00","0.0000","KG"
"1504.","RT 220602","LS-1538AR-18/200522/00","0.0000","KG"
"1505.","RT 220603","LS-1533-15/200522/00","0.0000","KG"
"1506.","RT 220605","LS-7317P-35/160622/00","0.0000","KG"
"1507.","RT 220701","LS-7317TM-18/070722/00","0.0000","KG"
"1508.","RT 220801","LS-SA395ASM-04/290722/00","0.0000","KG"
"1509.","RT 220802","LS-7317P-35/130722/01","0.0000","KG"
"1510.","RT 220804","LS-1538-15/150622/00","0.0000","KG"
"1511.","RT 220805","LS-1538AR-19/150622/00","0.0000","KG"
"1512.","RT 220806","LS-1533-16/150622/00","0.0000","KG"
"1513.","RT 220807","LS-1548-16/150622/00","0.0000","KG"
"1514.","RT 220808","LS-NS517W-08/040822/00","0.0000","KG"
"1515.","RT 220901","LS-STP3123-14/250722/00","0.0000","KG"
"1516.","RT 220902","LS-1521-00/060922/00","0.0000","KG"
"1517.","RT 220906","LS-ZS9540AM-03/270922/00","0.0000","KG"
"1518.","RT 220907","LS-SA395ASM-04/290922/01","0.0000","KG"
"1519.","RT 221001","LS-7312GMVF-09/051022/00","0.0000","KG"
"1520.","RT 221002","LS-7317P-35/290922/02","0.0000","KG"
"1521.","RT 221004","LS-NS517W-08/040822/01","0.0000","KG"
"1522.","RT 221005","2nd Trial STP 3123 Blue","0.0000","KG"
"1523.","RT 221101","LS-ZS9540AM-04/281022/00","0.0000","KG"
"1524.","RT 221102","3rd Trial STP 3123 Blue","0.0000","KG"
"1525.","RT 221104","2nd Trial STP 3123 Black","0.0000","KG"
"1526.","RT 221105","1st Trial STP 3123 Orange","0.0000","KG"
"1527.","RT 221106","1st Trial STP 3123 Yellow","0.0000","KG"
"1528.","RT 221107","LS-7317TM-19_311022_01","0.0000","KG"
"1529.","RT 221108","LS-7317TM-20_311022_01","0.0000","KG"
"1530.","RT 221109","LS-NS517W-07/040822/00","0.0000","KG"
"1531.","RT 221111","LS-7317P-35/041122/03","0.0000","KG"
"1532.","RT 221112","LS-1521S-00/081122/00","0.0000","KG"
"1533.","RT 221113","LS-ZS8244M-03/101122/00","0.0000","KG"
"1534.","RT 221114","LS-STP3123-22/101122/00","0.0000","KG"
"1535.","RT 221115","LS-ZS8244M-03/101122/00","0.0000","KG"
"1536.","RT 221116","LS-ZS8244M-03/101122/00","0.0000","KG"
"1537.","RT 221117","LS-7322M-01/201022/00","0.0000","KG"
"1538.","RT 221118","LS-7322SEA-00/161122/00","0.0000","KG"
"1539.","RT 221120","LS-ZS8246M-03/251122/00","0.0000","KG"
"1540.","RT 221201","LS-7312GMVF-09/051022/00","0.0000","KG"
"1541.","RT 230101","LS-STP 3163(Black)-03/28122022/00","0.0000","KG"
"1542.","RT 230102","LS -AGC(MM)LightGrey-24/231222/00","0.0000","KG"
"1543.","RT 230103","LS -AGC(MM)White-13/231222/00","0.0000","KG"
"1544.","RT 230104","LS -AGC(LM)Grey-09/281222/00","0.0000","KG"
"1545.","RT 230105","LS-STP3123Black-00/270123/00","0.0000","KG"
"1546.","RT 230106","LS-STP3123Black-00/270123/00","0.0000","KG"
"1547.","RT 230107","LS-7317TM-19_311022_01 (Netzsch) & LS-7317TM-20/220922/00 (Molteni)","0.0000","KG"
"1548.","RT 230109","LS-ZS8246M-03/251122/00","0.0000","KG"
"1549.","RT 230201","LS-ZS8244M-04/160223/00","0.0000","KG"
"1550.","RT 230202","LS-1556B-13/160223/00","0.0000","KG"
"1551.","RT 230203","LS-ZS8246M-03/251122/00","0.0000","KG"
"1552.","RT 230301","LS-7322SEA-01/060323/00","0.0000","KG"
"1553.","RT 230303","LS- 1537-04/090323/00","0.0000","KG"
"1554.","RT 230304","LS-ZS8244M-04/160223/00","0.0000","KG"
"1555.","RT 230305","LS-1556B-13/160223/00","0.0000","KG"
"1556.","RT 230306","LS-7312GMVF-09/051022/00","0.0000","KG"
"1557.","RT 230401","LS -AGC(MM)LightGrey-29/050423/00 (2nd trial kaneka)","0.0000","KG"
"1558.","RT 230402","LS -AGC(MM)White-14/060423/00 (2nd trial kaneka)","0.0000","KG"
"1559.","RT 230403","LS -AGC(LM)Grey-10/060423/00 (2nd trial kaneka)","0.0000","KG"
"1560.","RT 230404","LS -AGC(MM)LightGrey-29/050423/00 (3rd trial kaneka)","0.0000","KG"
"1561.","RT 230405","LS -AGC(MM)White-14/060423/00 (3rd trial kaneka)","0.0000","KG"
"1562.","RT 230406","LS -AGC(LM)Grey-10/060423/00 (3rd trial kaneka)","0.0000","KG"
"1563.","RT 230407","LS-STP3163-01/190423/02 (Improve dispersion)","0.0000","KG"
"1564.","RT 230501","LS-ZS8244M-04/160223/00","0.0000","KG"
"1565.","RT 230502","LS-1556B-13/160223/00","0.0000","KG"
"1566.","RT 230503","LS-STP3163-01/160523/03 (Improve dispersion)","0.0000","KG"
"1567.","RT 230504","LS-ZS8244MEX-00/180523/00","0.0000","KG"
"1568.","RT 230505","LS-ZS8246MEX-00/180523/00","0.0000","KG"
"1569.","RT 230601","LS-NS517W-10/300523/00","0.0000","KG"
"1570.","RT 230602","LS-NS517W-10/300523/00","0.0000","KG"
"1571.","RT 230603","LS-NS517W-11/020623/00","0.0000","KG"
"1572.","RT 230604","LS-SA395ASM-04_260623_02","0.0000","KG"
"1573.","RT 230701","LS-1480-10/050723/00","0.0000","KG"
"1574.","RT 230702","LS-1480-10/050723/00","0.0000","KG"
"1575.","RT 230703","LS-ZS8846M-04/050723/00","0.0000","KG"
"1576.","RT 230704","LS-ZS8846M-04/050723/00","0.0000","KG"
"1577.","RT 230705","LS-ZS9540AM-04/281022/00","0.0000","KG"
"1578.","RT 230706","LS-ZS9572GM-05/271222/00","0.0000","KG"
"1579.","RT 230707","LS-SA390AASM-44/120723/00","0.0000","KG"
"1580.","RT 230708","LS-1480-11/180723/00","0.0000","KG"
"1581.","RT 230709","LS-ZS8846M-05/180723/00","0.0000","KG"
"1582.","RT 230710","LS-SA395ASM-04_200723_03","0.0000","KG"
"1583.","RT 230711","LS-SA390AASM-44/200723/01","0.0000","KG"
"1584.","RT 230712","LS-7322SEA-02/200723/00","0.0000","KG"
"1585.","RT 230801","LS-SA390AASM-44/200723/01","0.0000","KG"
"1586.","RT 230901","LS-STP3163-01/010923/05 (Improve dispersion)","0.0000","KG"
"1587.","RT 230902","LS-STP3163-05/130923/00 (Improve dispersion)","0.0000","KG"
"1588.","RT 230903","LS-STP3163-05/130923/00 (Improve dispersion)","0.0000","KG"
"1589.","RT 230906","LS-1533-15/260923/00","0.0000","KG"
"1590.","RT 230907","LS-1538-16/260923/00","0.0000","KG"
"1591.","RT 230908","LS-906Grey-08/260923/00","0.0000","KG"
"1592.","RT 230909","LS-1538AR-20/260923/00","0.0000","KG"
"1593.","RT 230910","LS-1548-17/260923/00","0.0000","KG"
"1594.","RT 231001","LS-ZS9540AM-05/021023/00","0.0000","KG"
"1595.","RT 231002","LS-ZS9572GM-06/021023/00","0.0000","KG"
"1596.","RT 231004","LS-906Grey-08/260923/00","0.0000","KG"
"1597.","RT 231005","LS-1533-15/260923/00","0.0000","KG"
"1598.","RT 231006","LS-1538AR-20/260923/00","0.0000","KG"
"1599.","RT 231009","LS-ZS9540AM-05/181023/01","0.0000","KG"
"1600.","RT 231010","LS-ZS9572GM-06/181023/01","0.0000","KG"
"1601.","RT 231011","LS-7322SEA-02/241023/02","0.0000","KG"
"1602.","RT 231202","LS-NS517W-12/051223/00","0.0000","KG"
"1603.","RT 231204","LS-ZS9540AM-05/181023/01","0.0000","KG"
"1604.","RT 231205","LS-ZS9572GM-06/181023/01","0.0000","KG"
"1605.","RT 231206","LS-ROVCARECDLLD-00/081223/00","0.0000","KG"
"1606.","RT 231207","LS-906Grey-09/091123/00","0.0000","KG"
"1607.","RT 231208","LS-7317NZ-02/121223/00","0.0000","KG"
"1608.","RT 240104","LS-ZS8244M-05/180124/00","0.0000","KG"
"1609.","RT 240105","LS-ZS8246M-04/180124/00","0.0000","KG"
"1610.","RT 240110","LS-ZS9572GM-08/250724/00","0.0000","KG"
"1611.","RT 240201","LS-1538AR-21/010224/00","0.0000","KG"
"1612.","RT 240202","LS-STP3123BASE-00/130125/01","257.0000","KG"
"1613.","RT 240203","LS-AGC(LM)White-08/260224/00","0.0000","KG"
"1614.","RT 240303","LS-RubberA2-05/120124/00","0.0000","KG"
"1615.","RT 240306","LS-1556B-14/180124/00","0.0000","KG"
"1616.","RT 240307","LS-ZS8244M-05/180124/00","0.0000","KG"
"1617.","RT 240308","LS-ZS8246M-04/180124/00","0.0000","KG"
"1618.","RT 240401","LS-1538-17/150424/01","0.0000","KG"
"1619.","RT 240402","LS-1533-16/190324/00","0.0000","KG"
"1620.","RT 240501","LS-RubberA2-05/120124/00","0.0000","KG"
"1621.","RT 240502","LS-1556B-14/180124/00","0.0000","KG"
"1622.","RT 240503","LS-ZS8244M-05/180124/00","0.0000","KG"
"1623.","RT 240504","LS-ZS8246M-04/180124/00","0.0000","KG"
"1624.","RT 240601","LS-7319-10/100624/00","0.0000","KG"
"1625.","RT 240602","LS-SA395ASM-09/130624/00","0.0000","KG"
"1626.","RT 240603","LS-390AASM-45/140624/00","0.0000","KG"
"1627.","RT 240604","LS-7315BN-17/180624/00","0.0000","KG"
"1628.","RT 240608","LS-ROVCARECDLLD-01/200624/00","0.0000","KG"
"1629.","RT 240609","LS-7315WP(Perodua)-32/240624/00","0.0000","KG"
"1630.","RT 240611","LS-7317TM-23/250624/00","0.0000","KG"
"1631.","RT 240701","LS-ROVCARECDLLD-01/200624/00","0.0000","KG"
"1632.","RT 240703","LS-ZS9540AM-07/250724/00","0.0000","KG"
"1633.","RT 240704","LS-ROVCARELHWOB-00/290424/00","155.0000","KG"
"1634.","RT 240705","LS-ROVCARECDLLD-01/200624/00","0.0000","KG"
"1635.","RT 240801","LS-7322SEA-04/120824/00","0.0000","KG"
"1636.","RT 240802","LS-390AASM-45/140624/00","516.5000","KG"
"1637.","RT 240901","LS-7322SEA-04/120824/00","0.0000","KG"
"1638.","RT 240902","LS-7322SEA-04/120824/00","0.0000","KG"
"1639.","RT 240903","LS-STP3123BASE-01/ 210824/00","0.0000","KG"
"1640.","RT 240904","LS-7315WP(Perodua)-32/240624/00","0.0000","KG"
"1641.","RT 240905","LS-7317TM-23/250624/00","0.0000","KG"
"1642.","RT 240906","LS-7319-10/100624/00","0.0000","KG"
"1643.","RT 240907","LS-SA395ASM-09/130624/00","0.0000","KG"
"1644.","RT 240909","LS-7317TM-20_170524_03","0.0000","KG"
"1645.","RT 240910","LS-7317TM-19_011024_03","0.0000","KG"
"1646.","RT 240911","LS-STP3123-23_230924_00","0.0000","KG"
"1647.","RT 241001","LS-ROVCARELHWPS-00/011024/00","0.0000","KG"
"1648.","RT 241004","LS-ROVCARECDLLD-01/200624/00","0.0000","KG"
"1649.","RT 241101","LS-ROVCARECDLLD-01/200624/00","0.0000","KG"
"1650.","RT 241102","LS-STP3123BASE-01/ 210824/00","0.0000","KG"
"1651.","RT 241103","LS-ROVCARECDLLD-01/200624/00","0.0000","KG"
"1652.","RT 241105","LS-390AASM-45/140624/00","0.0000","KG"
"1653.","RT 241106","LS-7317TM-23/250624/00","0.0000","KG"
"1654.","RT 241107","LS-7319-10/100624/00","0.0000","KG"
"1655.","RT 241108","LS-7315WP(Perodua)-32/240624/00","0.0000","KG"
"1656.","RT 241109","LS-7315BN-17/180624/00","0.0000","KG"
"1657.","RT 241110","LS-ROVCARECDLLD-01/200624/01","0.0000","KG"
"1658.","RT 241111","LS-ROVCARECDLLD-01/200624/01","0.0000","KG"
"1659.","RT 241201","LS-ROVCARECDLLD-01/200624/01","0.0000","KG"
"1660.","RT 241202","LS-ROVCARECDLLD-01/200624/01","0.0000","KG"
"1661.","RT 241203","LS-ZS9540AM-07/250724/00","0.0000","KG"
"1662.","RT 241204","LS-ZS9572GM-08/250724/00","0.0000","KG"
"1663.","RT 250101","LS-RubberA1-05/120124/00","0.0000","KG"
"1664.","RT 250103","LS-ZS8244M-06/030125/00","0.0000","KG"
"1665.","RT 250104","LS-ZS8246M-05/060125/00","0.0000","KG"
"1666.","RT 250105","LS-STP3123BASE-01/130125/01","0.0000","KG"
"1667.","RT 250107","LS-22H-18/170125/00","0.0000","KG"
"1668.","RT 250108","LS-1480-12/170125/00","0.0000","KG"
"1669.","RT 250201","LS-7315WP(Perodua)-32/240624/00","0.0000","KG"
"1670.","RT 250202","LS-7317TM-23/250624/00","0.0000","KG"
"1671.","RT 250203","LS-7319-10/100624/00","0.0000","KG"
"1672.","RT 250204","LS-390AASM-45/140624/00","0.0000","KG"
"1673.","RT 250205","LS-7315BN-17/180624/00","0.0000","KG"
"1674.","RT 250206","LS-ZS8244M-06/030125/00","0.0000","KG"
"1675.","RT 250207","LS-ZS8246M-05/060125/00","0.0000","KG"
"1676.","RT 250209","LS-22HP-08/170125/00","0.0000","KG"
"1677.","RT 250210","LS-22H-18/170125/00","0.0000","KG"
"1678.","RT 250211","LS-1480-12/170125/00","0.0000","KG"
"1679.","RT 250212","LS-390AASM-45/140624/00","0.0000","KG"
"1680.","RT 250213","LS-7319-10/100624/00","0.0000","KG"
"1681.","RT 250214","LS-7315BN-17/180624/00","0.0000","KG"
"1682.","RT 250216","LS-7315WP(Perodua)-32/240624/00","0.0000","KG"
"1683.","RT 250301","LS-STP3123BASE-02/240325/00","0.0000","KG"
"1684.","RT 250401","LS-ROVCARELHWOB-00/290424/00","0.0000","KG"
"1685.","RT 250403","LS-ZS8246M-06/210425/00","0.0000","KG"
"1686.","RT 250404","LS-22HP-09/210425/00","0.0000","KG"
"1687.","RT 250405","LS-STP3123BASE-02/240325/00","0.0000","KG"
"1688.","RT 250501","LS-ZS8244M-07/210425/00","0.0000","KG"
"1689.","RT 250601","LS-ZS9540AM-07/090625/01","0.0000","KG"
"1690.","RT 250603","LS-STP3123BASE-02/240325/00","0.0000","KG"
"1691.","RT 250803","LS-7317TM-20_170524_03","0.0000","KG"
"1692.","RT 250804","LS-7317TM-19_011024_03","0.0000","KG"
"1693.","RT 250901","LS-ROVCARELHWOB-00/290424/00","0.0000","KG"
"1694.","RT 250903","LS-STP3123BASE-02/240325/00","0.0000","KG"
"1695.","RT 251008","LS-SA390AASM-44/141025/02","0.0000","KG"
"1696.","RT 251009","LS-7322SEA-04/290925/00","0.0000","KG"
"1697.","RT 251102","LS-7317TM-19_011024_03","0.0000","KG"
"1698.","RT 251201","LS-7317TM-20_281125_04","0.0000","KG"
"1699.","RT 251202","LS-7317TM-19_281125_04","0.0000","KG"
"1700.","RT 251203","LS-7317TM-20_011225_05","0.0000","KG"
"1701.","RT 251204","LS-7317TM-19_011225_05","0.0000","KG"
"1702.","RT 251205","LS-1533-19/241125/00 & LS-Premix 1533 Rubber-02/241125/00","0.0000","KG"
"1703.","RT 251206","LS-SA390AASM-44/191225/03","0.0000","KG"
"1704.","RT 260201","LS-1538-20/230226/00 & LS-Premix 1538 Rubber-03/230226/00","0.0000","KG"
"1705.","RT 260302","LS-ROVCARELHWOB-00/020326/02","0.0000","KG"
"1706.","RT 260303","LS-7317TMG-01/130326/00 (Molteni)","0.0000","KG"
"1707.","RT 260304","LS-ZS9540AM-08/060326/00","0.0000","KG"
"1708.","RT 260401","LS-7317TMG-02/220426/00 (Netzsch)","0.0000","KG"
"1709.","RT 260402","LS-7317TMG-01/270426/01 (Molteni)","0.0000","KG"
"1710.","RT 260403","LS-1533-20/280426/00 & LS-Premix 1533 Rubber-03/280426/00","0.0000","KG"
"1711.","RT 260701","LS-1MS(MM)LightGrey-34/070726/00","0.0000","KG"
"1712.","RT 260702","LS-1MS(MM)LightGrey-35/090726/00","0.0000","KG"
"1713.","RT 260801","LS-ROVCARELHWPS-00/070826/01","0.0000","KG"
"1714.","RT 260901","LS-ZS8244M-08/070926/00","0.0000","KG"
"1715.","RT 260902","LS-ZS8244M-08/070926/00","0.0000","KG"
"1716.","RT151201(SSG)","LS-AGC(MM) Light Grey-03;221215/00","280.0000","SSG"
"1717.","RT160803(SSG)","AGC(MM)LG CD (Dynasylan 1107)","0.0000","SSG"
"1718.","RT161001(SSG)","STP3171 PICK UP SEAL 400ML PER SSG","0.0000","SSG"
"1719.","RT161004","LS-AGC (MM) Light Grey-14/230916/00; 611KG","0.0000","KG"
"1720.","RT161004 (SSG)","LS-AGC(MM) Light Grey-14/230916/00; SSG","0.0000","KG"
"1721.","RT161005","LS-AGC(MM) Light Grey-15/181016/00; 300KG","0.0000","KG"
"1722.","RT161005 (SSG)","LS-AGC (MM) Light Grey-15/181016/00; SSG","0.0000","KG"
"1723.","RT161006","LS-AGC(MM) Light Grey-16/181016/00; 300kg","0.0000","KG"
"1724.","RT161006 (SSG)","LS-AGC (MM) Light Grey-16/181016/00; SSG","0.0000","KG"
"1725.","RT161203","LS-1MS(MM) LIGHT GREY-17/27/1216/00; Kaneka Polymer @ 600-L","0.0000","KG"
"1726.","RT161203 (SSG)","LS-1MS(MM) Light Grey-17/271216/00","0.0000","PCS"
"1727.","RT170101","LS-1MS(MM) LIGHT GREY-18/030117/00; Use Hakuenka CCR @ 600-L","0.0000","KG"
"1728.","RT170101 (SSG)","LS-1MS(MM) Light Grey-18/030117/00","0.0000","PCS"
"1729.","RT170303(CART)","LS-STP 3162 (Black) in Cartridge, 320mL","0.0000","KG"
"1730.","RT170704 WIP","LS-STP 3123-05/250417/04","0.0000","KG"
"1731.","RT170705","LS-STP 3123-05/180717/05","0.0000","DRUM"
"1732.","RT170706","LS-STP 3123-05/180717/05","0.0000","KG"
"1733.","RT170706 WIP","LS-STP 3123-05/180717/05","0.0000","KG"
"1734.","RT170707","LS-STP 3123-05/180717/05","0.0000","KG"
"1735.","RT170708","LS-STP 3123-05/180717/05","0.0000","KG"
"1736.","RT171001","LS-7315WP(Perodua)-22/101017/00; Low viscosity range","0.0000","KG"
"1737.","RT171003","LS-7315WP(Perodua)-23/061017/00","0.0000","KG"
"1738.","RT171103","LS-1538AR-10/211117/00","0.0000","KG"
"1739.","RT220216","LS-7317TM-17/150222/00","0.0000","KG"
"05-10-2026@ 14:38 | MFAREED | 10.60.0.70"
